fecha,ticker,panel,price,technical_value,parity,tir,tna,tem,tna_360,tem_360,duration,change_pct,volume,source
2026-03-02,AE38D,bonares,77.625,100.7170320441989,77.07236643543553,10.4276789433873,9.920411050174494,0.8185978029004559,9.960171259127382,0.8300142715939485,4.985170661393449,,,lseg_backfill
2026-03-02,AL29D,bonares,60.23,70.10055248618785,85.91943695717279,9.937640303784512,9.475541002995191,0.7817503512498325,9.511810969809796,0.7926509141508165,1.7484712481004847,,,lseg_backfill
2026-03-02,AL30D,bonares,59.331,72.07756906077348,82.31548423889548,10.38110660610526,9.878216199158077,0.8151023520377221,9.917638468099277,0.8264698723416064,2.181539054904478,,,lseg_backfill
2026-03-02,AL35D,bonares,75.4938,100.5918232044199,75.04963882261444,10.014130224879224,9.545110667260492,0.7875117703006973,9.5819158444856,0.7984929870404667,5.817343670195457,,,lseg_backfill
2026-03-02,AL41D,bonares,70.275,100.50276243093924,69.92345115716564,10.022165837011766,9.552416474968297,0.7881168200053912,9.589278084925557,0.7991065070771297,6.303453379977731,,,lseg_backfill
2026-03-02,AN29D,bonares,92.0435,100.0,92.0435,8.7203301722962,8.361819737867982,0.6895607400768888,8.390056511847543,0.6991713759872953,3.4188911001744926,,,lseg_backfill
2026-03-02,AO27D,bonares,100.1355,100.0534375,100.08201867127254,6.149836262159662,5.968633919517297,0.4917376255574535,5.983011751781042,0.4985843126484202,1.5811328269399614,,,lseg_backfill
2026-03-02,BPA7D,bopreales,97.875,101.68956043956044,96.2488180467378,8.058437155856632,7.751020832147071,0.6390357481006692,7.77527924480319,0.6479399370669325,1.3552380427458033,,,lseg_backfill
2026-03-02,BPA8D,bopreales,86.25,101.01373626373626,85.38442709891486,9.607507143441438,9.174721097389815,0.7568415835544906,9.208722037799255,0.7673935031499379,2.5426779385521474,,,lseg_backfill
2026-03-02,BPB7D,bopreales,97.125,101.68956043956044,95.51127921113064,8.673664074783463,8.318877648579527,0.6860077898903194,8.346824835846078,0.6955687363205065,1.3546135017352596,,,lseg_backfill
2026-03-02,BPB8D,bopreales,85.5,101.01373626373626,84.64195381979384,9.98469241087968,9.518341886134763,0.7852948731970733,9.554940661774047,0.7962450551478373,2.541947531735151,,,lseg_backfill
2026-03-02,BPC7D,bopreales,96.0,101.68956043956044,94.40497095771984,9.612694199728995,9.17945456667968,0.7572334825626692,9.213490641874866,0.7677908868229055,1.3536645087548131,,,lseg_backfill
2026-03-02,BPD7D,bopreales,96.0,100.0,96.0,7.575741601908733,7.303229201089945,0.6020102102382907,7.324763161980829,0.6103969301650691,1.3864755972928926,,,lseg_backfill
2026-03-02,CUAP,cer,39741.0125,55044.32525758529,72.19820083910203,9.677170261917905,9.23827382069664,0.7621034389795334,9.272748006539633,0.7727290005449694,10.089233563071096,,,lseg_backfill
2026-03-02,DICP,cer,45457.5,44223.41428208788,102.79057087279662,12.759604111156085,12.010772647994106,0.9919115574271054,12.069085879618946,1.0057571566349122,3.2190881255010035,,,lseg_backfill
2026-03-02,DIP0,cer,45659.9095,44223.41428208788,103.24826845966516,12.60431650385856,11.87291700765536,0.980472957768752,11.9298972803084,0.9941581066923666,3.225775189815286,,,lseg_backfill
2026-03-02,GD29D,bonares,88.15,70.10055248618785,125.74793902996484,-10.506910005477302,-11.099189141473232,-0.9082511068185916,-11.049689394971818,-0.9208074495809848,1.95376314248034,,,lseg_backfill
2026-03-02,GD30D,bonares,84.7075,72.07756906077348,117.52269270981846,-5.395340673686795,-5.545924446971329,-0.4548265571702181,-5.533548066711624,-0.461129005559302,2.436156428753005,,,lseg_backfill
2026-03-02,GD35D,bonares,75.8688,100.5918232044199,75.42243254287332,9.920501458832147,9.459946137594043,0.7804589045169452,9.496096669815213,0.7913413891512677,5.821982362505859,,,lseg_backfill
2026-03-02,GD38D,bonares,79.25,100.7170320441989,78.68579761685366,9.971533436817673,9.50637368344298,0.7843037236349382,9.542880366066342,0.7952400305055285,5.0252659007781935,,,lseg_backfill
2026-03-02,GD41D,bonares,70.525,100.50276243093924,70.17220053872795,9.960242152877123,9.49610302279602,0.7834531639349551,9.53253076738907,0.7943775639490891,6.3118882914180245,,,lseg_backfill
2026-03-02,GD46D,bonares,71.4938,93.62160220994475,76.3646405448995,8.811420970347237,8.445588452550613,0.6964919596339936,8.47439443923843,0.7061995366032026,6.746357800951435,,,lseg_backfill
2026-03-02,PAP0,cer,31454.011,55145.20469347034,57.03852433741064,9.963834044070902,9.499370355691816,0.7837237457462454,9.53582320299855,0.7946519335832125,6.866096253764888,,,lseg_backfill
2026-03-02,PARP,cer,32265.9,55145.20469347034,58.51079922425342,9.557614932385912,9.12918034589194,0.7530711948829483,9.162844183421903,0.7635703486184919,6.903503201363008,,,lseg_backfill
2026-03-02,T15E7,tasa_fija,124.875,130.18929920684997,95.91802149698464,33.8658679353933,29.17846927847978,2.426237847333668,29.52416160538132,2.460346800448443,0.6524250091267855,,,lseg_backfill
2026-03-02,T30A7,tasa_fija,113.125,110.65804750937068,102.22934756771342,32.87088850558072,28.43183856906884,2.3634508501450657,28.76000200413049,2.396666833677541,0.8736667202276246,,,lseg_backfill
2026-03-02,T30J6,tasa_fija,132.25,133.205221432127,99.28289490317486,32.0428474135532,27.80621476157974,2.310868431098512,28.12004392855023,2.3433369940458526,0.2488147604291437,,,lseg_backfill
2026-03-02,T31Y7,tasa_fija,106.025,106.20339468037056,99.83202544428316,33.22132968179751,28.69544313785033,2.385614104069877,29.029742832283745,2.4191452360236454,0.9350770714573594,,,lseg_backfill
2026-03-02,TO26,tasa_fija,97.11,107.75,90.12529002320186,18.03710980024509,16.5866554734454,1.3723079636624336,16.697997583236557,1.3914997986030464,0.5311616247756935,,,lseg_backfill
2026-03-02,TX26,cer,1249.0,1421.9550343873782,87.83681409012398,38.3151108877846,32.4508477386094,2.70186393914138,32.87879175385591,2.7398993128213256,0.414659684807492,,,lseg_backfill
2026-03-02,TX28,cer,1764.665,2134.586736629718,82.67010047978728,17.68070421024015,16.28411886019765,1.3471151785158897,16.39142786409762,1.3659523220081349,1.3023283331297313,,,lseg_backfill
2026-03-02,TX31,cer,1265.5,1697.9168820144448,74.53250588442137,12.298582396211794,11.600948429815071,0.9579099824602588,11.655344303582726,0.9712786919652272,3.123683116117248,,,lseg_backfill
2026-03-02,TY30P,tasa_fija,120.05,232.75,51.57894736842105,26.00784285288213,23.124718674765287,1.9182259894017228,23.341505700056864,1.9451254750047384,2.3244179989978453,,,lseg_backfill
2026-03-02,TZX26,cer,353.25,397.44885510910814,88.87936031493294,43.16511256031194,35.90048498855458,2.993196447219604,36.42471976766721,3.035393313972268,0.2294847456760427,,,lseg_backfill
2026-03-02,TZX27,cer,325.375,397.44885510910814,81.86587929928183,16.263008189858823,15.07158588717894,1.2462060308969347,15.163480199971602,1.2636233499976337,1.142115323208103,,,lseg_backfill
2026-03-02,TZX28,cer,291.6,397.4488542941703,73.36793070339898,14.215444755372848,13.294054910296673,1.0984522788552775,13.36551852817882,1.1137932106815684,2.0399264082363224,,,lseg_backfill
2026-03-02,TZXA7,cer,102.375,122.17245542588824,83.7954837226811,16.45033287229463,15.232644540275952,1.259604022308913,15.326517287617223,1.277209773968102,0.9968616706463664,,,lseg_backfill
2026-03-02,TZXD6,cer,247.875,293.8376877313334,84.3577969571559,24.076672707513584,21.57932817413466,1.7889324002080542,21.768032381876434,1.8140026984897029,0.6354949802311202,,,lseg_backfill
2026-03-02,TZXD7,cer,227.825,293.8376877313334,77.53430193349084,15.295049037637076,14.235205237034588,1.1766575576731109,14.317165580586176,1.1930971317155148,1.5506446971661765,,,lseg_backfill
2026-03-02,TZXM7,cer,182.675,220.42653392464743,82.8734167105523,19.023181090112192,17.418963843482516,1.4416470657683034,17.541787048102098,1.4618155873418417,0.906305141780202,,,lseg_backfill
2026-03-02,TZXO6,cer,141.545,165.87224680695547,85.33374493005579,27.04547393773311,23.94534096648337,1.9869470718264728,24.177836793403884,2.014819732783657,0.5215139665744402,,,lseg_backfill
2026-03-03,AE38D,bonares,77.2639,100.73084419889504,76.70331824822287,10.537287546705372,10.019647190460446,0.8268190556903532,10.06020788468316,0.8383506570569299,4.972821050705272,,,lseg_backfill
2026-03-03,AL29D,bonares,59.8569,70.1024861878453,85.38484618021761,10.346731426971864,9.847060665525987,0.8125214811056436,9.886234336732436,0.8238528613943696,1.742005529119115,,,lseg_backfill
2026-03-03,AL30D,bonares,58.9575,72.07906077348066,81.7955996753105,10.715830034914694,10.18108395177808,0.8401947253801056,10.222963961502174,0.8519136634585145,2.1738043858078377,,,lseg_backfill
2026-03-03,AL35D,bonares,75.0052,100.60320441988952,74.55547806106591,10.142142459489206,9.661433430113387,0.7971457633572543,9.69914227539146,0.8082618562826216,5.80822138391463,,,lseg_backfill
2026-03-03,AL41D,bonares,69.9097,100.51243093922652,69.55328743592915,10.11794591533638,9.63945673710731,0.795325558644433,9.676994011881046,0.8064161676567538,6.2876582045963385,,,lseg_backfill
2026-03-03,AN29D,bonares,92.0296,100.0,92.0296,8.732528930015354,8.373041990161756,0.6904892687485731,8.401354689697627,0.7001128908081355,3.4160444015182034,,,lseg_backfill
2026-03-03,AO27D,bonares,98.1932,100.07125,98.12328715789998,7.487068710143097,7.220750469504322,0.5951919133630579,7.241800340063698,0.6034833616719748,1.5773638015327724,,,lseg_backfill
2026-03-03,BPA7D,bopreales,98.375,101.7032967032967,96.72744462452728,7.669274546611593,7.390155048208724,0.6091966218158662,7.412205168571528,0.6176837640476274,1.3528564704485542,,,lseg_backfill
2026-03-03,BPA8D,bopreales,86.75,101.021978021978,85.87240291526162,9.369337246095814,8.957137225474865,0.7388287118671899,8.989542752875312,0.7491285627396094,2.5403602799157907,,,lseg_backfill
2026-03-03,BPB7D,bopreales,97.625,101.7032967032967,95.99000540248514,8.280225551759555,7.956103171270268,0.6559973270950703,7.981663622637836,0.6651386352198196,1.3522348627070466,,,lseg_backfill
2026-03-03,BPB8D,bopreales,86.0,101.021978021978,85.12999020994235,9.743862027284669,9.299078112959712,0.7671379863715799,9.334008147050366,0.7778340122541971,2.539636357953281,,,lseg_backfill
2026-03-03,BPD7D,bopreales,96.5,100.0,96.5,7.188377321793155,6.942423779068063,0.5721866847751222,6.961880766628603,0.5801567305523836,1.3839678143905818,,,lseg_backfill
2026-03-03,CUAP,cer,39245.979,55049.3026000682,71.29241815308916,9.816556656082287,9.365313382697638,0.772622491123176,9.400743396341316,0.783395283028443,10.047103286800246,,,lseg_backfill
2026-03-03,DICP,cer,45457.5,44230.42767342936,102.77427190085204,12.771126982355897,12.020994460783308,0.9927597642905406,12.07940714520408,1.00661726210034,3.2158148819497607,,,lseg_backfill
2026-03-03,DIP0,cer,45364.9125,44230.42767342936,102.56494202350244,12.842649329478984,12.08441786352421,0.9980227973713784,12.143449523755034,1.0119541269795862,3.212741808517929,,,lseg_backfill
2026-03-03,GD29D,bonares,87.9028,70.1024861878453,125.39184382770294,-10.392127161376804,-10.971051184575808,-0.897811169850371,-10.922686164095683,-0.9102238470079738,1.949711705006253,,,lseg_backfill
2026-03-03,GD30D,bonares,84.2866,72.07906077348066,116.9363183919438,-5.207356884916751,-5.347446647840648,-0.4385837617245758,-5.3359396767352685,-0.444661639727939,2.4301010005828254,,,lseg_backfill
2026-03-03,GD35D,bonares,75.1302,100.60320441988952,74.67972857646528,10.11057449235591,9.63276062976648,0.7947709644047896,9.670245706448988,0.805853808870749,5.80978619679709,,,lseg_backfill
2026-03-03,GD38D,bonares,78.5139,100.73084419889504,77.9442489779722,10.18223162759914,9.69783412357572,0.8001606960388319,9.73582800929309,0.8113190007744242,5.003915401960281,,,lseg_backfill
2026-03-03,GD41D,bonares,69.7847,100.51243093922652,69.4289247090187,10.149303246064791,9.667936345043817,0.7976843689736723,9.705696033315014,0.8088080027762512,6.28340417547238,,,lseg_backfill
2026-03-03,GD46D,bonares,71.0052,93.6322099447514,75.83416010569152,8.926154346901145,8.550999840895578,0.7052146000391613,8.580530192297786,0.7150441826914822,6.715787272436787,,,lseg_backfill
2026-03-03,PAP0,cer,31219.494,55147.88099850188,56.61050512683904,10.088058190211324,9.612304337246025,0.7930767233955693,9.649630176720605,0.8041358480600502,6.851914788668387,,,lseg_backfill
2026-03-03,PARP,cer,31401.1365,55147.88099850188,56.93987861628451,9.994961891099589,9.527681076713868,0.7860683070391117,9.564351796416036,0.7970293163680031,6.860459390097291,,,lseg_backfill
2026-03-03,T15E7,tasa_fija,124.475,130.27628130607806,95.54693974381398,34.48337217371279,29.63906522737592,2.464989665971596,29.99580031214961,2.499650026012468,0.6473934555889951,,,lseg_backfill
2026-03-03,T30A7,tasa_fija,112.575,110.74994507580152,101.64790594067505,33.52091461543156,28.92024555690387,2.404518628946017,29.25982350624317,2.438318625520264,0.8673629043753055,,,lseg_backfill
2026-03-03,T30J6,tasa_fija,132.25,133.29863486501225,99.2133191265806,32.35162923386857,28.03997016209181,2.330512044939104,28.359117395301947,2.363259782941829,0.2461656464334231,,,lseg_backfill
2026-03-03,T31Y7,tasa_fija,106.475,106.2864394112312,100.1774079457486,32.852079279293086,28.417670524535254,2.3622597655293287,28.745505773444258,2.395458814453688,0.9356152076060964,,,lseg_backfill
2026-03-03,TO26,tasa_fija,97.05,107.75,90.06960556844548,18.240002638706443,16.758475387931405,1.386618421963326,16.87214129260557,1.4060117743837974,0.5279346799183633,,,lseg_backfill
2026-03-03,TX26,cer,1248.491,1422.0331080179928,87.7961977791169,38.749238613162944,32.76450477498594,2.7283202858856104,33.20079709139456,2.766733090949547,0.4116875015122512,,,lseg_backfill
2026-03-03,TX28,cer,1763.144,2134.7184858813807,82.59374768434793,17.799071341736887,16.384696595683867,1.355489801532994,16.493338107564348,1.374444842297029,1.298829049654433,,,lseg_backfill
2026-03-03,TX31,cer,1251.5,1698.033401152656,73.70290826732024,12.71142402216877,11.968021332087186,0.988364124359098,12.02591953735963,1.002159961446636,3.112922227304479,,,lseg_backfill
2026-03-03,TY30P,tasa_fija,119.55,232.75,51.36412459720731,26.24061366384841,23.30939289796808,1.9336871932648547,23.529666860543585,1.9608055717119648,2.3160580356460434,,,lseg_backfill
2026-03-03,TZX26,cer,350.15,397.44885510910814,88.0993857445825,47.53540872870734,38.910527413120846,3.24805633518701,39.52683874714262,3.293903228928552,0.2208312204345595,,,lseg_backfill
2026-03-03,TZX27,cer,323.625,397.44885510910814,81.425571074084,16.77348505331758,15.50987906976198,1.2826703543582507,15.607206899106972,1.3006005749255811,1.134777968103719,,,lseg_backfill
2026-03-03,TZX28,cer,291.25,397.4488542941703,73.27986905817885,14.292274405745165,13.361324153799426,1.1040401050907755,13.433514089722465,1.119459507476872,2.0361596452273467,,,lseg_backfill
2026-03-03,TZXA7,cer,100.375,122.17245542588824,82.1584535156446,18.493808549418723,16.972997584052017,1.4044881894888397,17.089598651143234,1.4241332209286028,0.9773598276013554,,,lseg_backfill
2026-03-03,TZXD6,cer,248.425,293.8376877313334,84.54497512488736,23.82021982942167,21.37230350482433,1.7716239306781123,21.55739438456994,1.796449532047495,0.6346000491595017,,,lseg_backfill
2026-03-03,TZXD7,cer,227.175,293.8376877313334,77.31309137162638,15.50494536895275,14.41716258384984,1.1917841238076488,14.50123556316738,1.208436296930615,1.5454565235350963,,,lseg_backfill
2026-03-03,TZXM7,cer,182.375,220.42653392464743,82.73731694313385,19.25796887283976,17.6161263476321,1.4580792690247923,17.74175216155882,1.4784793467965684,0.90222512550938,,,lseg_backfill
2026-03-03,TZXO6,cer,142.125,165.87224680695547,85.68341162304695,26.38601257293679,23.424576329298176,1.943331671522408,23.647039307165763,1.97058660893048,0.522068879511533,,,lseg_backfill
2026-03-04,AE38D,bonares,78.0278,100.74465635359115,77.45105579212054,10.325264372241609,9.827599346538207,0.8109093712510562,9.86661813105556,0.8222181775879633,4.988580694506062,,,lseg_backfill
2026-03-04,AL29D,bonares,60.2339,70.10441988950276,85.92026022744288,9.966762693115378,9.502034297316996,0.7839443586648898,9.538507617928094,0.7948756348273411,1.7426526421659914,,,lseg_backfill
2026-03-04,AL30D,bonares,59.584,72.08055248618784,82.66307338781506,10.193370691178409,9.70794597316016,0.8009982380211111,9.74601923201508,0.81216826933459,2.178771621339893,,,lseg_backfill
2026-03-04,AL35D,bonares,76.0167,100.61458563535912,75.55236601132049,9.893633776587988,9.43549399140653,0.7784339981609767,9.471457652302815,0.7892881376919014,5.817757655552311,,,lseg_backfill
2026-03-04,AL41D,bonares,70.6694,100.5220994475138,70.3023518096128,9.933785811986914,9.472033960430505,0.7814599235805852,9.508277051050571,0.7923564209208811,6.309941003159743,,,lseg_backfill
2026-03-04,AN29D,bonares,92.0726,100.0,92.0726,8.725056676707645,8.366168036596733,0.6899205171441158,8.394434217411728,0.6995361847843107,3.4133088414586408,,,lseg_backfill
2026-03-04,AO27D,bonares,97.4588,100.0890625,97.37207799303746,8.014587130650975,7.710424081658229,0.6356784731385456,7.734428794908688,0.6445357329090573,1.5741947090088415,,,lseg_backfill
2026-03-04,BPA7D,bopreales,98.375,101.71703296703296,96.71438217420662,7.685645557208061,7.405361878557115,0.6104538655292702,7.427502925450646,0.6189585771208872,1.3500620073132916,,,lseg_backfill
2026-03-04,BPA8D,bopreales,86.75,101.03021978021978,85.86539768864718,9.38006013764712,8.966943446235831,0.7396404614637087,8.999420049967544,0.7499516708306286,2.537561804775025,,,lseg_backfill
2026-03-04,BPB7D,bopreales,97.625,101.71703296703296,95.97704253882512,8.29795842494659,7.972482237907141,0.6573520964564983,7.998148148353756,0.6665123456961464,1.3494390756067165,,,lseg_backfill
2026-03-04,BPB8D,bopreales,86.0,101.03021978021978,85.12304554724676,9.755035547510444,9.30926164334367,0.7679811984197205,9.34426831652546,0.7786890263771218,2.536836950762898,,,lseg_backfill
2026-03-04,BPC7D,bopreales,96.5,101.71703296703296,94.87103308575288,9.232486303877431,8.831901025280974,0.7284623347264318,8.863405692468262,0.7386171410390219,1.348492579744072,,,lseg_backfill
2026-03-04,BPD7D,bopreales,96.5,100.0,96.5,7.203342901316503,6.956387404992714,0.573340733913974,6.975922811638835,0.5813269009699029,1.3811795886381506,,,lseg_backfill
2026-03-04,CUAP,cer,39212.7395,55054.27994255111,71.22559688532539,9.828624178533689,9.376304400631971,0.773532612561989,9.411817724949325,0.7843181437457769,10.040918351637783,,,lseg_backfill
2026-03-04,DICP,cer,45457.5,44237.44106477086,102.75797809697622,12.782672442206064,12.031235267116912,0.9936095541448476,12.089747674360485,1.0074789728633735,3.2125407692603294,,,lseg_backfill
2026-03-04,DIP0,cer,45419.7755,44237.44106477086,102.6727007864176,12.811814975583069,12.057080003164966,0.9957542006212572,12.115844460375325,1.009653705031277,3.2112883975885143,,,lseg_backfill
2026-03-04,GD29D,bonares,88.7806,70.10441988950276,126.64051730252426,-10.86161889421422,-11.496207159626849,-0.940591080965092,-11.443108330431784,-0.9535923608693152,1.952152558777137,,,lseg_backfill
2026-03-04,GD30D,bonares,85.1947,72.08055248618784,118.19373889555732,-5.63006657523478,-5.794306576210884,-0.475149756555937,-5.780797653678604,-0.4817331378065503,2.434701721352272,,,lseg_backfill
2026-03-04,GD35D,bonares,76.6417,100.61458563535912,76.1735483141181,9.739173158026135,9.29480437621766,0.7667841163983669,9.329702272144935,0.7774751893454113,5.825406272456863,,,lseg_backfill
2026-03-04,GD38D,bonares,80.0278,100.74465635359115,79.43627274792655,9.76967982416694,9.322606850809656,0.7690862125405706,9.357714084644895,0.7798095070537414,5.037587604993876,,,lseg_backfill
2026-03-04,GD41D,bonares,71.2944,100.5220994475138,70.92410563631867,9.780740718881288,9.332685375217032,0.7699207454932244,9.36786864996444,0.7806557208303699,6.330867335628082,,,lseg_backfill
2026-03-04,GD46D,bonares,72.3917,93.64281767955802,77.30619581281877,8.618370075678238,8.26797236411958,0.6817961364373515,8.29557820123501,0.6912981834362508,6.787897231651912,,,lseg_backfill
2026-03-04,PAP0,cer,31258.795,55150.55730353343,56.679019267131295,10.072071998731989,9.597778184582406,0.7918736480297062,9.634991154949546,0.8029159295791288,6.850603592424384,,,lseg_backfill
2026-03-04,PARP,cer,31440.593,55150.55730353343,57.008658728432536,9.979009285509196,9.5131732087963,0.7848668267943282,9.549732198196814,0.7958110165164012,6.859146724466587,,,lseg_backfill
2026-03-04,T15E7,tasa_fija,124.475,130.36332151980278,95.48314552655188,34.60912001077017,29.732601927145552,2.472861021732209,30.091600920064465,2.507633410005372,0.6447547532079809,,,lseg_backfill
2026-03-04,T30A7,tasa_fija,112.575,110.8419189598876,101.5635610212952,33.612413455949344,28.988804151569568,2.4102846638326847,29.33000011322413,2.444166676102011,0.8647198282595664,,,lseg_backfill
2026-03-04,T30J6,tasa_fija,132.25,133.39211380636144,99.1437921075159,32.66638520136074,28.277689052683684,2.350492469380084,28.60229068418025,2.383524223681688,0.2435178982160692,,,lseg_backfill
2026-03-04,T31Y7,tasa_fija,106.475,106.36954907812655,100.09913638140551,32.935413963738426,28.480427157198008,2.367535716015179,28.80971734625355,2.4008097788544625,0.932969153659198,,,lseg_backfill
2026-03-04,TO26,tasa_fija,97.11,107.75,90.12529002320186,18.20969365744564,16.732826899308996,1.384482098405715,16.84614438802372,1.4038453656686434,0.5257539457635176,,,lseg_backfill
2026-03-04,TX26,cer,1257.0,1422.1111816486075,88.38971356253597,36.77346124215308,31.329017978951825,2.6072937264511653,31.727768738714435,2.643980728226203,0.4097996684666061,,,lseg_backfill
2026-03-04,TX28,cer,1780.6675,2134.850235133043,83.40948094136587,16.94705369673429,15.658469162668665,1.29503536539064,15.757674627016629,1.3131395522513856,1.3012637211306413,,,lseg_backfill
2026-03-04,TX31,cer,1260.5,1698.1499202908674,74.2278396588268,12.464174395784385,11.748343840917052,0.9701375512442434,11.804132882016116,0.9836777401680096,3.11492103137674,,,lseg_backfill
2026-03-04,TY30P,tasa_fija,119.55,232.75,51.36412459720731,26.27160282855056,23.333953266421403,1.9357435950818849,23.55469307567821,1.962891089639851,2.312834629148793,,,lseg_backfill
2026-03-04,TZX26,cer,352.15,397.44885510910814,88.60259514480859,45.43571669532936,37.475624839598986,3.126487380317333,38.04710511672038,3.170592093060032,0.2221369002212667,,,lseg_backfill
2026-03-04,TZX27,cer,323.625,397.44885510910814,81.425571074084,16.81098088434254,15.54199745634055,1.285342980971227,15.639729618716114,1.3033108015596762,1.1320698791957997,,,lseg_backfill
2026-03-04,TZX28,cer,290.5,397.4488542941703,73.09116553270715,14.437130932494044,13.488032675653129,1.114566159915431,13.561600714222076,1.1301333928518398,2.031189788956111,,,lseg_backfill
2026-03-04,TZXA7,cer,101.425,122.17245542588824,83.01789437433875,17.478557541128044,16.112119316655683,1.332795155978128,16.2171687110769,1.3514307259230751,0.9834756710944996,,,lseg_backfill
2026-03-04,TZXD6,cer,248.425,293.8376877313334,84.54497512488736,23.91275609855456,21.44705378930267,1.7778731621320043,21.633445279919705,1.802787106659976,0.6319166402020777,,,lseg_backfill
2026-03-04,TZXD7,cer,228.475,293.8376877313334,77.75551249535528,15.161244501397322,14.119038721628783,1.167001489966446,14.199664412411916,1.183305367700993,1.547691560767539,,,lseg_backfill
2026-03-04,TZXM7,cer,182.375,220.42653392464743,82.73731694313385,19.31156143749602,17.661076315937496,1.4618259146136792,17.78734552681751,1.4822787939014592,0.899525155504752,,,lseg_backfill
2026-03-04,TZXO6,cer,143.075,165.87224680695547,86.2561415512221,25.233221458489247,22.50769528361917,1.8665843013778272,22.71303487715821,1.892752906429851,0.5246884023737315,,,lseg_backfill
2026-03-05,AE38D,bonares,77.7917,100.7584685082873,77.20611592424285,10.398432525028666,9.893915671828625,0.8164028936089807,9.933463509469398,0.8277886257891165,4.979395454624011,,,lseg_backfill
2026-03-05,AL29D,bonares,59.8608,70.10635359116021,85.3856989183758,10.377357226257208,9.874818463615044,0.8148208863544504,9.914213582885711,0.826184465240476,1.736174506786096,,,lseg_backfill
2026-03-05,AL30D,bonares,58.9605,72.08204419889503,81.79637613676864,10.74211494417464,10.204828640352767,0.8421622107735782,10.246904485575214,0.8539087071312679,2.1678603482405907,,,lseg_backfill
2026-03-05,AL35D,bonares,75.7781,100.62596685082872,75.30670499030927,9.958034048995902,9.49409438728499,0.7832868205860821,9.530506703960206,0.7942088919966839,5.811789709757081,,,lseg_backfill
2026-03-05,AL41D,bonares,70.8042,100.5317679558011,70.42967754344988,9.905168273162646,9.44599221057507,0.7793033612323752,9.482036042840214,0.7901696702366845,6.3110692999852125,,,lseg_backfill
2026-03-05,AN29D,bonares,92.0332,100.0,92.0332,8.746111532994647,8.385535834263047,0.691523018609197,8.413933182656042,0.7011610985546701,3.4104120989136977,,,lseg_backfill
2026-03-05,AO27D,bonares,97.943,100.106875,97.8384351724095,7.689166207822259,7.408631866391291,0.6107242178456707,7.430792490075078,0.6192327075062565,1.5716583481718485,,,lseg_backfill
2026-03-05,BPA7D,bopreales,99.125,101.73076923076924,97.43856332703214,7.096782636149851,6.856919019359808,0.5651202683247813,6.875899261862184,0.572991605155182,1.347885403057966,,,lseg_backfill
2026-03-05,BPA8D,bopreales,87.5,101.03846153846152,86.6006851922345,9.01998512673932,8.637124677674635,0.7123418482716692,8.66725355243414,0.7222711293695117,2.5354781091984657,,,lseg_backfill
2026-03-05,BPB7D,bopreales,98.375,101.73076923076924,96.70132325141778,7.702086782272588,7.4206316100911,0.611716324957956,7.4428641482292335,0.6202386790191028,1.3472674742159876,,,lseg_backfill
2026-03-05,BPB8D,bopreales,86.75,101.03846153846152,85.85839360487249,9.390807673385838,8.976771242448777,0.7404540034000817,9.009319157201734,0.7507765964334778,2.534763280349893,,,lseg_backfill
2026-03-05,BPC7D,bopreales,97.25,101.73076923076924,95.59546313799623,8.62580661930419,8.274820169171914,0.6823626803125427,8.302471802521882,0.6918726502101569,1.3463286708286173,,,lseg_backfill
2026-03-05,BPD7D,bopreales,97.25,100.0,97.25,6.617939736671399,6.408722740261719,0.5280875897957005,6.425300892731656,0.5354417410609713,1.3788115180777536,,,lseg_backfill
2026-03-05,CUAP,cer,39261.8675,55059.25728503404,71.30838561215388,9.817737468584152,9.366388911905554,0.7727115509668536,9.4018270736143,0.7834855894678583,10.04121434033724,,,lseg_backfill
2026-03-05,DICP,cer,45457.5,44244.45445611235,102.74168945871152,12.794240561928042,12.041495124229806,0.9944609317784848,12.100107525362349,1.0083422937801956,3.209265784968761,,,lseg_backfill
2026-03-05,DIP0,cer,45474.7085,44244.45445611235,102.78058359857954,12.780946390247465,12.02970432797268,0.993482515217381,12.088201821827573,1.0073501518189645,3.209837187297625,,,lseg_backfill
2026-03-05,GD29D,bonares,88.4083,70.10635359116021,126.10597395433145,-10.68379903465812,-11.296980673355716,-0.9243639257514924,-11.245703629652535,-0.9371419691377114,1.947395412140868,,,lseg_backfill
2026-03-05,GD30D,bonares,84.8688,72.08204419889503,117.7391692247554,-5.487405807047237,-5.643272549779144,-0.4627922817322272,-5.630458192352439,-0.4692048493627032,2.4294304599771213,,,lseg_backfill
2026-03-05,GD35D,bonares,76.5281,100.62596685082872,76.05203944370322,9.772004304879706,9.324724967462172,0.7692615985876117,9.359848175317076,0.7799873479430897,5.8210030906099215,,,lseg_backfill
2026-03-05,GD38D,bonares,79.7917,100.7584685082873,79.19106074288655,9.83980703154054,9.386488592531885,0.7743759311139353,9.422079199402411,0.7851732666168676,5.02858964631318,,,lseg_backfill
2026-03-05,GD41D,bonares,71.0542,100.5317679558011,70.67835515559524,9.843845587277428,9.390166239422236,0.774680466314992,9.425784774746315,0.7854820645621929,6.31945005042292,,,lseg_backfill
2026-03-05,GD46D,bonares,72.1531,93.65342541436463,77.04267054916828,8.674968633621859,8.320078351952699,0.6861071322520562,8.348033616027895,0.6956694680023245,6.771269140253474,,,lseg_backfill
2026-03-05,PAP0,cer,31298.148,55153.233608564966,56.74762104091678,10.056077479115688,9.58324235870478,0.7906697854097589,9.620342556299466,0.8016952130249555,6.8492934381734,,,lseg_backfill
2026-03-05,PARP,cer,31480.103,55153.233608564966,57.07752916795676,9.9630476710057,9.498655047304071,0.7836645079392968,9.535102398200568,0.794591866516714,6.857835162219169,,,lseg_backfill
2026-03-05,T15E7,tasa_fija,124.475,130.45041988685156,95.41939390303654,34.73578241879588,29.82673087312271,2.4807828066301774,30.18801539354543,2.5156679494621192,0.6421166175771971,,,lseg_backfill
2026-03-05,T30A7,tasa_fija,112.575,110.93396922500796,101.47928608924424,33.70441011994855,29.05768856987112,2.4160784177912342,29.40051413563189,2.450042844635991,0.8620771598697198,,,lseg_backfill
2026-03-05,T30J6,tasa_fija,132.25,133.48565830211396,99.0743138118124,32.98728947227466,28.51947310099512,2.370818441399014,28.84967016289739,2.404139180241449,0.2408715474731427,,,lseg_backfill
2026-03-05,T31Y7,tasa_fija,106.475,106.45272373183276,100.0209259729449,33.01917000693447,28.54346158260968,2.372835285154995,28.87421641892836,2.406184701577363,0.9303234682032648,,,lseg_backfill
2026-03-05,TX26,cer,1251.546,1422.1892552792224,88.00136798630788,38.52809804504928,32.604853328097704,2.714853180960919,33.03688619632253,2.753073849693544,0.4062308948852156,,,lseg_backfill
2026-03-05,TX28,cer,1782.865,2134.9819843847054,83.50726203030774,16.874723920800115,15.596575230408028,1.2898846484927118,15.694996393245209,1.3079163661037674,1.2989304773783936,,,lseg_backfill
2026-03-05,TX31,cer,1260.5,1698.266439429079,74.22274683963921,12.475792395905868,11.758677034661712,0.9709948218401988,11.814564406904804,0.9845470339087335,3.111918507573346,,,lseg_backfill
2026-03-05,TY30P,tasa_fija,119.55,232.75,51.36412459720731,26.302671745893257,23.35857080909509,1.9378048242510548,23.57977804626694,1.9649815038555785,2.309610105140379,,,lseg_backfill
2026-03-05,TZX26,cer,352.15,397.44885510910814,88.60259514480859,45.90206091837793,37.79609510760029,3.153626510194485,38.37743968267855,3.1981199735565458,0.2195503888554784,,,lseg_backfill
2026-03-05,TZX27,cer,324.375,397.44885510910814,81.6142745991688,16.643857376421362,15.398762582849113,1.2734246847840192,15.494698076521908,1.291224839710159,1.1313446837916632,,,lseg_backfill
2026-03-05,TZX28,cer,290.5,397.4488542941703,73.09116553270715,14.455331042787297,13.50394131652022,1.115887813010441,13.577683303973751,1.1314736086644794,2.0284747301286408,,,lseg_backfill
2026-03-05,TZXA7,cer,101.425,122.17245542588824,83.01789437433875,17.523516519148654,16.150398849702373,1.3359819939110285,16.255949044966655,1.354662420413888,0.9807698199660408,,,lseg_backfill
2026-03-05,TZXD6,cer,248.425,293.8376877313334,84.54497512488736,24.006011631205453,21.52232879178161,1.784166635621176,21.71003465044485,1.8091695542037376,0.6292335863951726,,,lseg_backfill
2026-03-05,TZXD7,cer,228.475,293.8376877313334,77.75551249535528,15.186257243063531,14.140764526787365,1.168807328571142,14.22163899230231,1.1851365826918592,1.544978588791705,,,lseg_backfill
2026-03-05,TZXM7,cer,184.075,220.42653392464743,83.50854895850507,18.33535399720412,16.839122205615787,1.393335970547871,16.953887138107326,1.4128239281756103,0.9046321505861588,,,lseg_backfill
2026-03-05,TZXO6,cer,143.075,165.87224680695547,86.2561415512221,25.3511783337385,22.60189889269637,1.8744670230751657,22.80896601352591,1.900747167793826,0.5220105202221731,,,lseg_backfill
2026-03-06,AE38D,bonares,78.3333,100.77228066298343,77.73298320197101,10.250908847621044,9.760161891406716,0.8053232733056692,9.798646341428883,0.8165538617857404,4.989547686352318,,,lseg_backfill
2026-03-06,AL29D,bonares,59.8667,70.10828729281768,85.39175939351911,10.388546551716155,9.88495803139222,0.815660842254351,9.924434198836618,0.8270361832363848,1.7332961071524224,,,lseg_backfill
2026-03-06,AL30D,bonares,58.965,72.08353591160221,81.80092618141015,10.752709254456112,10.21439750835984,0.842955097867204,10.256552402771302,0.8547127002309418,2.164926021806599,,,lseg_backfill
2026-03-06,AL35D,bonares,75.5625,100.63734806629834,75.08395387189712,10.01698824762423,9.54770918175496,0.7877269727190495,9.58453442588878,0.7987112021573983,5.80609093993403,,,lseg_backfill
2026-03-06,AL41D,bonares,69.8783,100.5414364640884,69.50199087811846,10.139916738923189,9.659412103767862,0.7969783470451519,9.69710515231803,0.8080920960265026,6.27634384422536,,,lseg_backfill
2026-03-06,AN29D,bonares,92.2433,100.0,92.2433,8.68079816028363,8.325443616470917,0.686551038255967,8.35343498550305,0.6961195821252542,3.408003293237604,,,lseg_backfill
2026-03-06,AO27D,bonares,98.0535,100.1246875,97.93139179585457,7.625912896187439,7.349865799733624,0.6058657312417948,7.371675923913035,0.6143063269927529,1.5689274885351263,,,lseg_backfill
2026-03-06,BPA7D,bopreales,99.125,101.74450549450547,97.42540839746188,7.111947494863815,6.871080636915217,0.5662906014374913,6.890139430390008,0.574178285865834,1.3450921174099544,,,lseg_backfill
2026-03-06,BPA8D,bopreales,87.5,101.0467032967033,86.59362170685951,9.03031178706918,8.646598735229993,0.7131259022833181,8.676793817245088,0.7230661514370906,2.53268045258331,,,lseg_backfill
2026-03-06,BPB7D,bopreales,98.375,101.74450549450547,96.68826785473202,7.718598675588556,7.435964635082781,0.6129840327243619,7.458289233880411,0.6215241028233676,1.3444728707143698,,,lseg_backfill
2026-03-06,BPB8D,bopreales,86.75,101.0467032967033,85.85139066365787,9.40157993862342,8.98662068569378,0.7412693436423146,9.019240147178476,0.7516033455982063,2.531964706463933,,,lseg_backfill
2026-03-06,BPC7D,bopreales,97.25,101.74450549450547,95.58255704063724,8.64439005128282,8.291930338601095,0.6837782804736126,8.319696566311041,0.6933080471925868,1.3435320575825578,,,lseg_backfill
2026-03-06,BPD7D,bopreales,97.25,100.0,97.25,6.631732830138287,6.421661112053112,0.5291564512662328,6.438306326262033,0.5365255271885028,1.376024062799743,,,lseg_backfill
2026-03-06,CUAP,cer,39329.235,55064.23462751696,71.42428341380452,9.801795140206682,9.351867055805153,0.7715090663547031,9.38719528119929,0.7822662734332742,10.04293770495635,,,lseg_backfill
2026-03-06,DICP,cer,45457.5,44251.46784745385,102.72540598360185,12.805831413059968,12.051774089608111,0.9953139020004942,12.110486756734584,1.009207229727882,3.205989926601149,,,lseg_backfill
2026-03-06,DIP0,cer,45546.812,44251.46784745385,102.92723431686272,12.736855536254602,11.990589577779652,0.9902367848296788,12.048706688505106,1.0040588907087589,3.2089554671891167,,,lseg_backfill
2026-03-06,GD29D,bonares,87.7667,70.10828729281768,125.18734002647838,-10.362805280395806,-10.938343918148297,-0.8951462012971589,-10.89026643509845,-0.9075222029248708,1.9410532375703675,,,lseg_backfill
2026-03-06,GD30D,bonares,84.47,72.08353591160221,117.18348570412472,-5.309784206325171,-5.455543152343035,-0.4474303554970693,-5.443566597232952,-0.4536305497694126,2.423552845498533,,,lseg_backfill
2026-03-06,GD35D,bonares,76.0875,100.63734806629834,75.60562898564727,9.885942493802215,9.428493094930325,0.7778542542578037,9.464403342074323,0.7887002785061936,5.812583053471298,,,lseg_backfill
2026-03-06,GD38D,bonares,79.4333,100.77228066298343,78.82455321781573,9.94403753713362,9.481361310237135,0.7822323484013571,9.517675902964662,0.7931396585803885,5.016585132933379,,,lseg_backfill
2026-03-06,GD41D,bonares,70.4833,100.5414364640884,70.10373282778328,9.988988273988362,9.522248702244273,0.7856184191456395,9.558877565262058,0.7965731304385049,6.296859691651243,,,lseg_backfill
2026-03-06,GD46D,bonares,71.9375,93.66403314917127,76.80376082613361,8.726788382140446,8.367761127143103,0.6900523293386751,8.396038085611313,0.6996698404676094,6.755841790165249,,,lseg_backfill
2026-03-06,PAP0,cer,31352.422,55155.90991359651,56.8432685619992,10.032454154023013,9.561769617283725,0.7888914302429662,9.598703537601772,0.7998919614668143,6.848683795373998,,,lseg_backfill
2026-03-06,PARP,cer,31534.4715,55155.90991359651,57.17333201355894,9.93954895076742,9.477277556505182,0.7818941602364848,9.513560835076618,0.7927967362563848,6.857216451912764,,,lseg_backfill
2026-03-06,T15E7,tasa_fija,124.475,130.53757644607785,95.3556848448292,34.863369355156195,29.92145770807364,2.4887555068228595,30.285049651496543,2.523754137624712,0.6394790535563905,,,lseg_backfill
2026-03-06,T30A7,tasa_fija,112.575,111.02609593459434,101.39508108644849,33.7969086593502,29.126901140033134,2.421900091174889,29.47136801270034,2.455947334391695,0.8594349018355468,,,lseg_backfill
2026-03-06,T30J6,tasa_fija,132.25,133.5792683982415,99.00488420532552,33.31452300620121,28.76542748179778,2.391499002782216,29.1013659106314,2.425113825885949,0.2382266268863676,,,lseg_backfill
2026-03-06,T31Y7,tasa_fija,106.475,106.5359634231656,99.94277667258385,33.103350595966354,28.606775649338665,2.3781586318965875,28.939004926582346,2.411583743881862,0.9276781534558882,,,lseg_backfill
2026-03-06,TX26,cer,1253.579,1422.2673289098373,88.13947803756864,38.278541507921325,32.42438156411565,2.699631871346808,32.8516248756614,2.7376354063051167,0.4035649787816034,,,lseg_backfill
2026-03-06,TX28,cer,1785.8265,2135.113733636368,83.64081368904466,16.763818784243593,15.501597415994883,1.281981234650842,15.598821125446705,1.299901760453892,1.2968349369328935,,,lseg_backfill
2026-03-06,TX31,cer,1260.5,1698.38295856729,74.21765471924682,12.487432893383303,11.769029170372924,0.9718536709695912,11.825015141093507,0.9854179284244592,3.108915578191267,,,lseg_backfill
2026-03-06,TY30P,tasa_fija,119.55,232.75,51.36412459720731,26.33382074752874,23.38324574513017,1.939870899403373,23.60492199909796,1.967076833258164,2.306384459484028,,,lseg_backfill
2026-03-06,TZX26,cer,352.15,397.44885510910814,88.60259514480859,46.37797982984708,38.12209360900243,3.1812408839133166,38.71356010445677,3.2261300087047307,0.2169661664114356,,,lseg_backfill
2026-03-06,TZX27,cer,324.375,397.44885510910814,81.6142745991688,16.681197910896127,15.430783408475923,1.2760889579531032,15.527119103427456,1.293926591952288,1.1286361917677594,,,lseg_backfill
2026-03-06,TZX28,cer,290.5,397.4488542941703,73.09116553270715,14.473577033358378,13.519887529024777,1.117212604228346,13.593804083032346,1.1328170069193622,2.025759722721977,,,lseg_backfill
2026-03-06,TZXA7,cer,101.425,122.17245542588824,83.01789437433875,17.568706916420417,16.188860706642494,1.3391841082032618,16.294915292510215,1.3579096077091846,0.9780641131087242,,,lseg_backfill
2026-03-06,TZXD6,cer,248.425,293.8376877313334,84.54497512488736,24.099994819402017,21.59813405670208,1.79050482262606,21.78716823528841,1.815597352940701,0.6265508912204671,,,lseg_backfill
2026-03-06,TZXD7,cer,228.475,293.8376877313334,77.75551249535528,15.211352523443944,14.16255729657323,1.1706187645473154,14.243681690002765,1.186973474166897,1.5422656899086105,,,lseg_backfill
2026-03-06,TZXM7,cer,184.075,220.42653392464743,83.50854895850507,18.386447177385072,16.882309425864218,1.3969334654549304,16.99766508283318,1.4164720902360983,0.9019290910737714,,,lseg_backfill
2026-03-06,TZXO6,cer,143.075,165.87224680695547,86.2561415512221,25.470238951216945,22.6968943748016,1.882416603828996,22.9057109155634,1.908809242963616,0.5193331046343084,,,lseg_backfill
2026-03-09,AE38D,bonares,77.8472,100.81371712707184,77.21885693578443,10.407010352375622,9.901687358350507,0.8170467047631691,9.941297430152485,0.8284414525127071,4.967533878317417,,,lseg_backfill
2026-03-09,AL29D,bonares,59.3436,70.11408839779006,84.63862449913914,11.005586654906438,10.442527929520718,0.8618600240456686,10.4865894549949,0.8738824545829083,1.719431828163695,,,lseg_backfill
2026-03-09,AL30D,bonares,58.9665,72.08801104972376,81.79792886687774,10.795124732414182,10.252698375300074,0.8461288108300158,10.295170420998012,0.857930868416501,2.1559661109103523,,,lseg_backfill
2026-03-09,AL35D,bonares,75.224,100.67149171270718,74.72224630848984,10.117370475938571,9.63893403133187,0.7952822662790959,9.676467230148411,0.8063722691790343,5.792782669405181,,,lseg_backfill
2026-03-09,AL41D,bonares,70.61810000000001,100.57044198895028,70.21754961339323,9.969452688251748,9.504481093546625,0.784146989213852,9.540973223704974,0.7950811019754145,6.291188297350943,,,lseg_backfill
2026-03-09,AN29D,bonares,92.2864,100.0,92.2864,8.688041584686394,8.332109776408636,0.687102579106913,8.360146037155314,0.6966788364296095,3.39962904916168,,,lseg_backfill
2026-03-09,AO27D,bonares,98.2242,100.178125,98.04954924041552,7.548222915476099,7.277640063996227,0.5998947766892027,7.299023245254244,0.6082519371045203,1.5606517786188658,,,lseg_backfill
2026-03-09,BPA7D,bopreales,99.125,101.78571428571428,97.3859649122807,7.157834363752741,6.913919654404688,0.5698309495355547,6.933217054542329,0.5777680878785274,1.336711867689826,,,lseg_backfill
2026-03-09,BPA8D,bopreales,87.5,101.07142857142856,86.57243816254417,9.061434534974994,8.675146475873309,0.7154884917501603,8.705541497518166,0.7254617914598471,2.524287198307581,,,lseg_backfill
2026-03-09,BPB7D,bopreales,98.375,101.78571428571428,96.64912280701752,7.768562962055424,7.482347442955173,0.616818976393052,7.504951687924333,0.6254126406603611,1.3360886333044748,,,lseg_backfill
2026-03-09,BPB8D,bopreales,86.75,101.07142857142856,85.8303886925795,9.434045970388397,9.016299617992884,0.7437262142641066,9.049135144442566,0.7540945953702138,2.5235686862637463,,,lseg_backfill
2026-03-09,BPC7D,bopreales,97.25,101.78571428571428,95.5438596491228,8.700625233999611,8.343689518870768,0.6880606640251585,8.37180384642231,0.6976503205351925,1.3351417386677422,,,lseg_backfill
2026-03-09,BPD7D,bopreales,97.25,100.0,97.25,6.6734597287084085,6.460792145132843,0.5323892010477227,6.477641007187263,0.5398034172656052,1.3676614601736805,,,lseg_backfill
2026-03-09,CUAP,cer,38080.387,55079.16665496573,69.1375511153759,10.165686673345704,9.682813017952371,0.7989165437302992,9.720689148524642,0.8100574290437201,9.931859531014148,,,lseg_backfill
2026-03-09,DICP,cer,45457.5,44272.50802147832,102.6765865126656,12.840741075088005,12.0827262138844,0.9978824165985944,12.1417413221117,1.0118117768426416,3.196157082152413,,,lseg_backfill
2026-03-09,DIP0,cer,45695.1095,44272.50802147832,103.21328413974544,12.657154616261124,11.919844992762329,0.9843666762238136,11.977277287727972,0.9981064406439976,3.204053330466944,,,lseg_backfill
2026-03-09,GD29D,bonares,87.4194,70.11408839779006,124.68164672416306,-10.221028937331685,-10.780349022681436,-0.8822718958868436,-10.733648471864043,-0.8944707059886703,1.931149138674659,,,lseg_backfill
2026-03-09,GD30D,bonares,84.0021,72.08801104972376,116.52714338596238,-5.1094801269452255,-5.244261352961299,-0.4301383913237533,-5.2331938823218405,-0.4360994901934867,2.4117300897974063,,,lseg_backfill
2026-03-09,GD35D,bonares,75.199,100.67149171270718,74.69741306168413,10.123689478937877,9.64467380776357,0.7957576561111956,9.682251776336592,0.806854314694716,5.792469444694484,,,lseg_backfill
2026-03-09,GD38D,bonares,77.9772,100.81371712707184,77.34780764180407,10.369944062540746,9.86810022192708,0.8142643548440631,9.90744168654496,0.8256201405454133,4.970777838787626,,,lseg_backfill
2026-03-09,GD41D,bonares,69.4731,100.57044198895028,69.07904412673561,10.256456609588666,9.76519505283946,0.8057401786565777,9.803719255114007,0.8169766045928339,6.252229518449296,,,lseg_backfill
2026-03-09,GD46D,bonares,71.469,93.69585635359115,76.27765280279733,8.843616781683624,8.475179565733848,0.6989405078498656,8.50418798617838,0.7086823321815316,6.719099535056738,,,lseg_backfill
2026-03-09,PAP0,cer,31456.058,55163.938828691134,57.0228643347699,9.992028062225735,9.525013105678326,0.7858473559256174,9.561663265549305,0.7968052721291086,6.844062150144302,,,lseg_backfill
2026-03-09,PARP,cer,31638.6365,55163.938828691134,57.3538387065728,9.899132907038553,9.440499208341002,0.778848481913319,9.476501081234368,0.7897084234361973,6.852597950874353,,,lseg_backfill
2026-03-09,T15E7,tasa_fija,124.475,130.7993956657451,95.16481277795278,35.25177908878129,30.20928305981152,2.5129840553856475,30.579931473661222,2.548327622805102,0.6315698405893055,,,lseg_backfill
2026-03-09,T30A7,tasa_fija,112.575,111.3029353652574,101.142885073577,34.07745671095286,29.33653137926517,2.439534660580822,29.68599351941963,2.473832793284969,0.8515106165053186,,,lseg_backfill
2026-03-09,T30J6,tasa_fija,132.25,133.86049274907404,98.7968871800786,34.33611798699128,29.52942023481864,2.455763499739927,29.88351072235167,2.4902925601959724,0.2303007884863002,,,lseg_backfill
2026-03-09,T31Y7,tasa_fija,106.475,106.78607323167834,99.70869494282888,33.358471992443434,28.798414430799223,2.394272948747367,29.135126672810063,2.427927222734172,0.9197444559087948,,,lseg_backfill
2026-03-09,TX28,cer,1783.6605,2135.5089813913555,83.5239053332328,16.989113573342532,15.694443028478556,1.298029170965331,15.794105779061862,1.3161754815884883,1.2871164820734209,,,lseg_backfill
2026-03-09,TX31,cer,1267.5,1698.7325159819238,74.61445448740015,12.321866052029508,11.62168657989582,0.95963028297692,11.676277400577728,0.9730231167148108,3.1037874434496726,,,lseg_backfill
2026-03-09,TY30P,tasa_fija,119.55,232.75,51.36412459720731,26.4277516041118,23.457617123106346,1.946098388628914,23.6807100378976,1.9733925031581327,2.296700750931516,,,lseg_backfill
2026-03-09,TZX26,cer,352.5,397.44885510910814,88.69065678984816,47.39216685201392,38.813286998273135,3.2398134815252666,39.42650621736945,3.2855421847807875,0.2099006653837657,,,lseg_backfill
2026-03-09,TZX27,cer,325.375,397.44885510910814,81.86587929928183,16.519846773034295,15.29234571764093,1.2645708214722884,15.386957204730756,1.282246433727563,1.1231500147767186,,,lseg_backfill
2026-03-09,TZX28,cer,293.7,397.4488542941703,73.89630057471976,13.986896342457957,13.093679135902311,1.0818095168250608,13.16300109579922,1.0969167579832684,2.0272032474655464,,,lseg_backfill
2026-03-09,TZXA7,cer,100.625,122.17245542588824,82.36308229152415,18.524945137388183,16.99928333386658,1.4066780102284016,17.11624663563507,1.4263538863029224,0.9632434563970508,,,lseg_backfill
2026-03-09,TZXD6,cer,248.425,293.8376877313334,84.54497512488736,24.3863962130883,21.82878805472121,1.8097924811090629,22.021892903671247,1.835157741972604,0.6185049929946992,,,lseg_backfill
2026-03-09,TZXD7,cer,230.025,293.8376877313334,78.28301460441668,14.84725920679542,13.84591336615415,1.1443020980912877,13.92344440038098,1.1602870333650817,1.540003323285827,,,lseg_backfill
2026-03-09,TZXM7,cer,184.025,220.42653392464743,83.48586566393533,18.571843411729706,17.03886222717843,1.4099753461917386,17.15637201624043,1.4296976680200355,0.8935917871673297,,,lseg_backfill
2026-03-09,TZXO6,cer,143.675,165.87224680695547,86.61786571638537,25.01839196901152,22.33589897973831,1.852210335672666,22.53810687323909,1.8781755727699243,0.5146402260041251,,,lseg_backfill
2026-03-10,AE38D,bonares,76.6111,100.82752928176797,75.9823240197686,10.770827403161777,10.230759853763091,0.8443109140509719,10.273050091174696,0.8560875075978913,4.933063383292439,,,lseg_backfill
2026-03-10,AL29D,bonares,59.345600000000005,70.11602209944752,84.63914269955086,11.022163734562966,10.457464644139993,0.863097933245216,10.501652480126644,0.8751377066772204,1.7165059426007292,,,lseg_backfill
2026-03-10,AL30D,bonares,58.968,72.08950276243094,81.79831700924267,10.808469762697635,10.264745816219278,0.8471271141851977,10.307317867441146,0.8589431556200955,2.152991255523868,,,lseg_backfill
2026-03-10,AL35D,bonares,74.5854,100.6828729281768,74.0795309379047,10.28485262350238,9.790953148905878,0.8078737918050916,9.829681112448618,0.8191400927040515,5.781700825543846,,,lseg_backfill
2026-03-10,AL41D,bonares,70.7278,100.58011049723756,70.3198670694864,9.94693218554236,9.48399479758766,0.7824504361433338,9.520329591033416,0.7933607992527847,6.291481020054713,,,lseg_backfill
2026-03-10,AN29D,bonares,92.3574,100.0,92.3574,8.67084089225214,8.316279169380714,0.6857928003469738,8.34420888139169,0.6953507401159742,3.3969484168535926,,,lseg_backfill
2026-03-10,AO27D,bonares,98.2608,100.1959375,98.06864674528346,7.536459224976541,7.266699225096707,0.5989903193893031,7.288018101301841,0.6073348417751534,1.557882725784846,,,lseg_backfill
2026-03-10,BPA7D,bopreales,99.125,101.79945054945055,97.37282418027256,7.173262166712561,6.92831861810872,0.5710209512137965,6.9476965521397815,0.5789747126783151,1.333918318802603,,,lseg_backfill
2026-03-10,BPA8D,bopreales,87.5,101.07967032967034,86.56537928410295,9.071856648498642,8.684704477697537,0.71627951673785,8.715166588418732,0.7262638823682277,2.5214893515056205,,,lseg_backfill
2026-03-10,BPB7D,bopreales,98.375,101.79945054945055,96.63608150047229,7.785362145414279,7.49793763064055,0.6181080092469093,7.520636261877289,0.6267196884897741,1.3332937436873462,,,lseg_backfill
2026-03-10,BPB8D,bopreales,86.75,101.07967032967034,85.82339031881064,9.444918014678532,9.0262363713588,0.7445488079241391,9.059144397904095,0.7549286998253413,2.5207699127528684,,,lseg_backfill
2026-03-10,BPC7D,bopreales,97.25,101.79945054945055,95.53096748077182,8.719533689576917,8.36108696958271,0.6895001111485666,8.389318789481948,0.6991098991234956,1.3323448042681272,,,lseg_backfill
2026-03-10,BPD7D,bopreales,97.25,100.0,97.25,6.6874857885909815,6.473942204176963,0.5334755953981363,6.490859780915681,0.5409049817429734,1.3648738462265873,,,lseg_backfill
2026-03-10,CUAP,cer,38178.639,55084.14399744862,69.30967104030582,10.140054676813882,9.6595373756182,0.7969887226755068,9.69723140307268,0.8081026169227234,9.93631884696256,,,lseg_backfill
2026-03-10,DICP,cer,45822.5,44279.5214128198,103.48463248460828,12.570797033244324,11.843135421180651,0.9780019891117542,11.899829759143543,0.9916524799286286,3.204998825865107,,,lseg_backfill
2026-03-10,DIP0,cer,45880.699,44279.5214128198,103.61606796119668,12.52626174943709,11.803552753308466,0.9747179183487552,11.85986817249498,0.988322347707915,3.206921183706549,,,lseg_backfill
2026-03-10,GD29D,bonares,87.7322,70.11602209944752,125.12432590024429,-10.400989244945604,-10.980938548792064,-0.8986167727511152,-10.932486437850876,-0.9110405364875728,1.930365545632507,,,lseg_backfill
2026-03-10,GD30D,bonares,84.3792,72.08950276243094,117.04783188485769,-5.291360827372717,-5.436091471670734,-0.4458384903649914,-5.424200108873833,-0.4520166757394861,2.4121205101292698,,,lseg_backfill
2026-03-10,GD35D,bonares,75.3354,100.6828729281768,74.82444412739525,10.09432276522156,9.617996187113564,0.7935481337896233,9.655366299339097,0.804613858278258,5.791147281112082,,,lseg_backfill
2026-03-10,GD38D,bonares,78.6111,100.82752928176797,77.96590927098595,10.196563070482211,9.71084377203746,0.80123825748879,9.748939792519453,0.8124116493766209,4.983210924978336,,,lseg_backfill
2026-03-10,GD41D,bonares,70.1028,100.58011049723756,69.6984718483933,10.102415659174383,9.625348727719697,0.7941570890679595,9.662776068936196,0.8052313390780164,6.270322051621984,,,lseg_backfill
2026-03-10,GD46D,bonares,71.0204,93.7064640883978,75.79028905946451,8.949728210922299,8.572644635693072,0.7070057659855689,8.602324841117603,0.716860403426467,6.690650478268983,,,lseg_backfill
2026-03-10,PAP0,cer,31354.0775,55166.61513372268,56.83523889221479,10.048452835793684,9.576312338246629,0.7900958433768812,9.613358831314224,0.8011132359428519,6.836104268362835,,,lseg_backfill
2026-03-10,PARP,cer,31650.191,55166.61513372268,57.37200102504136,9.897421357537551,9.43894141126167,0.7787194800200625,9.474931389081576,0.789577615756798,6.849977528794869,,,lseg_backfill
2026-03-10,T15E7,tasa_fija,125.875,130.8867853827348,96.17090039450544,33.6164769956645,28.99184780990849,2.4105406541875096,29.333115693030543,2.444426307752545,0.6372504454115427,,,lseg_backfill
2026-03-10,T30A7,tasa_fija,113.375,111.3953684880794,101.77712192058723,33.34039575551326,28.78484819719862,2.39313212517287,29.121242091734523,2.4267701743112102,0.8541642020736705,,,lseg_backfill
2026-03-10,T30J6,tasa_fija,132.55,133.95436570706295,98.95160885600842,33.699019674179226,29.05365366513968,2.415739039923581,29.396383668997306,2.449698639083109,0.2293504386988526,,,lseg_backfill
2026-03-10,T31Y7,tasa_fija,106.775,106.86957358247108,99.91150560510276,33.137942640578224,28.63278150900761,2.3803452410334547,28.965617360798124,2.413801446733177,0.9192115166988089,,,lseg_backfill
2026-03-10,TX26,cer,1261.9805,1422.5796234322963,88.71071110629191,37.18608699902826,31.630509162388964,2.632701148636896,32.03700343345916,2.669750286121597,0.392946041635296,,,lseg_backfill
2026-03-10,TX28,cer,1793.1635,2135.640730643018,83.96372452870847,16.546299343949393,15.315054860501442,1.2664601551151566,15.409948112699643,1.2841623427249704,1.287064094202853,,,lseg_backfill
2026-03-10,TX31,cer,1266.0,1698.8490351201349,74.52104182467716,12.3762762774337,11.670131650565851,0.9636490777860997,11.725179237167982,0.9770982697639984,3.0999556793942977,,,lseg_backfill
2026-03-10,TY30P,tasa_fija,118.25,232.75,50.80558539205156,26.99748825069458,23.90753858634764,1.9837804165428352,24.13929863296609,2.0116082194138407,2.279918836571413,,,lseg_backfill
2026-03-10,TZX27,cer,325.375,397.44885510910814,81.86587929928183,16.557200528807503,15.324411871706968,1.2672386407352354,15.419421343956952,1.2849517786630793,1.1204411392320983,,,lseg_backfill
2026-03-10,TZX28,cer,294.45,397.4488542941703,74.08500410019145,13.87869266405716,12.998673688006,1.073919503152232,13.066991634475931,1.088915969539661,2.026725245574253,,,lseg_backfill
2026-03-10,TZXA7,cer,105.275,122.17245542588824,86.16917752288403,13.962324961152046,13.072112763787835,1.0800184202382823,13.141206166454468,1.0951005138712055,0.9994056613316752,,,lseg_backfill
2026-03-10,TZXD6,cer,252.025,293.8376877313334,85.7701413136751,22.16889430170968,20.02892139111012,1.6593784626123265,20.19141852602475,1.6826182105020626,0.627490512031474,,,lseg_backfill
2026-03-10,TZXD7,cer,230.575,293.8376877313334,78.47019277214812,14.71666516530829,13.732094618829183,1.1348440989454869,13.808353966047536,1.1506961638372948,1.539369851063487,,,lseg_backfill
2026-03-10,TZXM7,cer,184.575,220.42653392464743,83.73538190420248,18.289679293203715,16.80049928258953,1.3901187860541508,16.914737212161146,1.4095614343467622,0.8934087996075155,,,lseg_backfill
2026-03-10,TZXO6,cer,143.825,165.87224680695547,86.70829675767618,24.93409186891853,22.26840486176418,1.846563730061579,22.469389017606645,1.8724490848005533,0.5127960467836852,,,lseg_backfill
2026-03-11,AE38D,bonares,77.375,100.84134143646408,76.72944339871832,10.554917163416045,10.035599322415155,0.8281406761068588,10.076289440257558,0.8396907866881298,4.949061552551443,,,lseg_backfill
2026-03-11,AL29D,bonares,59.2475,70.11795580110497,84.4969014328657,11.148271237555688,10.571020566432331,0.8725095808607808,10.616174602232675,0.8846812168527229,1.7126022850316278,,,lseg_backfill
2026-03-11,AL30D,bonares,59.6695,72.09099447513812,82.7697002023992,10.21651690250917,9.72895444474653,0.8027383444437763,9.767192875410746,0.8139327396175622,2.1589831163206217,,,lseg_backfill
2026-03-11,AL35D,bonares,75.24690000000001,100.6942541436464,74.72809708948813,10.121766945600836,9.642927536731571,0.7956130231594916,9.680491881715358,0.8067076568096132,5.787009187291921,,,lseg_backfill
2026-03-11,AL41D,bonares,70.2375,100.58977900552486,69.82568278248452,10.073402796443943,9.598987519157554,0.7919738062048154,9.63620987959155,0.8030174899659626,6.27148538367424,,,lseg_backfill
2026-03-11,AN29D,bonares,92.4005,100.0,92.4005,8.663298816501575,8.309337053924114,0.68521843493492,8.337220105784926,0.6947683421487438,3.3942132308507613,,,lseg_backfill
2026-03-11,AO27D,bonares,98.2985,100.21375,98.0888351149418,7.523890726300027,7.2550085541605025,0.5980238836594376,7.276258825374438,0.6063549021145365,1.5551142697770393,,,lseg_backfill
2026-03-11,BPA7D,bopreales,99.125,101.81318681318682,97.35968699406368,7.188756776782131,6.942777853362614,0.5722159477280275,6.96223682743744,0.5801864022864534,1.3311247030553373,,,lseg_backfill
2026-03-11,BPA8D,bopreales,87.5,101.08791208791207,86.55832155669094,9.082302832717174,8.694283640576007,0.7170722990506695,8.724813063280035,0.7270677552733362,2.5186914567299485,,,lseg_backfill
2026-03-11,BPB7D,bopreales,98.375,101.81318681318682,96.623043712898,7.802234325723359,7.513593123044338,0.6194024577105051,7.536386734190348,0.6280322278491957,1.3304987813975369,,,lseg_backfill
2026-03-11,BPB8D,bopreales,86.75,101.08791208791207,85.81639308620503,9.45581522100214,9.036195134374037,0.7453732301221816,9.069175902007752,0.7557646585006461,2.5179710888860733,,,lseg_backfill
2026-03-11,BPC7D,bopreales,97.25,101.81318681318682,95.51807879114948,8.738524736992053,8.378557375084972,0.6909456144938986,8.406907427099775,0.7005756189249812,1.3295477882923277,,,lseg_backfill
2026-03-11,BPD7D,bopreales,97.25,100.0,97.25,6.701571013550237,6.487145998234412,0.5345664404941664,6.504132711376265,0.5420110592813554,1.362086192001449,,,lseg_backfill
2026-03-11,CUAP,cer,38226.8255,55089.121339931546,69.39087894344604,10.129005728063069,9.649502492582563,0.7961575875945925,9.687118145200737,0.8072598454333946,9.936660719577858,,,lseg_backfill
2026-03-11,DICP,cer,45822.5,44286.534804161296,103.46824424767227,12.582188810830594,11.85325785008462,0.9788418372272734,11.91004929312447,0.9925041077603723,3.201729568435945,,,lseg_backfill
2026-03-11,DIP0,cer,45936.086,44286.534804161296,103.72472401178634,12.49526734319016,11.77599590753564,0.9724316596538384,11.832048281715668,0.9860040234763056,3.205482172444293,,,lseg_backfill
2026-03-11,GD29D,bonares,87.925,70.11795580110497,125.39584047402366,-10.517093233903744,-11.110565114162696,-0.9091779036597414,-11.060963993639428,-0.9217469994699524,1.9288762071530423,,,lseg_backfill
2026-03-11,GD30D,bonares,84.6313,72.09099447513812,117.3951068592716,-5.414430378241568,-5.56610180908812,-0.4564776652305369,-5.553635273947588,-0.4628029394956323,2.4114896005043778,,,lseg_backfill
2026-03-11,GD35D,bonares,75.7219,100.6942541436464,75.19982211892464,10.002148429211545,9.534216084982727,0.7866095133004958,9.570937188959316,0.797578099079943,5.792937370769761,,,lseg_backfill
2026-03-11,GD38D,bonares,79.005,100.84134143646408,78.34584395109196,10.092086317308894,9.615964238656073,0.7933798435085126,9.653318542818743,0.8044432119015621,4.989628359530317,,,lseg_backfill
2026-03-11,GD41D,bonares,70.4925,100.58977900552486,70.07918766391586,10.009859249155731,9.541227370344018,0.7871901662690473,9.57800256919965,0.7981668807666376,6.280128534967062,,,lseg_backfill
2026-03-11,GD46D,bonares,71.6919,93.71707182320442,76.49822877014925,8.80080546518802,8.435829846430988,0.6956844859834499,8.464569229935748,0.7053807691613123,6.723936679571333,,,lseg_backfill
2026-03-11,PAP0,cer,31393.6075,55169.29143875421,56.90413395077112,10.032389691823562,9.561711017199936,0.7888865770730558,9.598644484256624,0.7998870403547187,6.834800823617056,,,lseg_backfill
2026-03-11,PARP,cer,31689.974,55169.29143875421,57.441328633303904,9.881413340602666,9.42437025979026,0.7775128439841961,9.460249070128944,0.7883540891774121,6.848671642410042,,,lseg_backfill
2026-03-11,T15E7,tasa_fija,125.875,130.97423348655877,96.10668957487574,33.74144672020745,29.085407151772102,2.418409871055349,29.42888956190321,2.4524074634919346,0.63460786825982,,,lseg_backfill
2026-03-11,T30A7,tasa_fija,113.375,111.48787837331712,101.6926697809818,33.43287770156715,28.854236685882828,2.398967331915136,29.19226045838732,2.4326883715322767,0.8515203270973726,,,lseg_backfill
2026-03-11,T30J6,tasa_fija,132.55,134.0483044957691,98.882265239083,34.049288493520336,29.31550337674893,2.437765605062392,29.664462806834013,2.472038567236168,0.2267087283990718,,,lseg_backfill
2026-03-11,T31Y7,tasa_fija,106.775,106.9531392255662,99.8334417981033,33.223409863718075,28.69700580135359,2.3857455029824948,29.03134204263562,2.4192785035529685,0.9165667297587052,,,lseg_backfill
2026-03-11,TX26,cer,1263.504,1422.6576970629112,88.81293108022503,37.06690168729403,31.54351761309271,2.625369527281274,31.947769883965904,2.6623141569971587,0.3902222063286303,,,lseg_backfill
2026-03-11,TX28,cer,1795.3795,2135.7724798946806,84.06230143430513,16.472430376038645,15.251626567841292,1.2611831937486162,15.345733882774493,1.2788111568978744,1.2847421282413625,,,lseg_backfill
2026-03-11,TX31,cer,1266.0,1698.9655542583462,74.51593099264748,12.38786272454437,11.680444820035715,0.9645046339560536,11.73558989111516,0.9779658242595968,3.096953543018779,,,lseg_backfill
2026-03-11,TY30P,tasa_fija,118.25,232.75,50.80558539205156,27.02987361468136,23.933052836224043,1.9859177010138616,24.165309359961817,2.013775779996818,2.27667724828159,,,lseg_backfill
2026-03-11,TZX26,cer,353.05,397.44885510910814,88.82903937491034,47.66649666077138,38.99943459371436,3.255593355858566,39.618579931029615,3.301548327585801,0.2058025647278708,,,lseg_backfill
2026-03-11,TZX27,cer,325.375,397.44885510910814,81.86587929928183,16.594723283527383,15.356612785849212,1.2699177400502304,15.452022759750328,1.287668563312527,1.1177323792825538,,,lseg_backfill
2026-03-11,TZX28,cer,294.45,397.4488542941703,74.08500410019145,13.896271318114817,13.01411429460886,1.075201774333645,13.082594916626531,1.090216243052211,2.024008631789673,,,lseg_backfill
2026-03-11,TZXA7,cer,105.275,122.17245542588824,86.16917752288403,13.998221255768051,13.10361748414557,1.0826349112962097,13.17304489664517,1.0977537413870977,0.9966893028186896,,,lseg_backfill
2026-03-11,TZXD6,cer,252.025,293.8376877313334,85.7701413136751,22.256604627713976,20.10072940326968,1.6653753083698986,20.264396858627887,1.6886997382189906,0.6248009029335493,,,lseg_backfill
2026-03-11,TZXD7,cer,230.575,293.8376877313334,78.47019277214812,14.741124353879885,13.753421763953998,1.1366162561379456,13.829918594063084,1.1524932161719237,1.5366555947936835,,,lseg_backfill
2026-03-11,TZXM7,cer,184.575,220.42653392464743,83.73538190420248,18.34129752479899,16.84414701054482,1.3937545303930543,16.958980595151996,1.413248382929333,0.8907055906032914,,,lseg_backfill
2026-03-11,TZXO6,cer,143.825,165.87224680695547,86.70829675767618,25.05351520304675,22.36400668810179,1.854561935674237,22.566725305031188,1.8805604420859323,0.5101169946050725,,,lseg_backfill
2026-03-12,AE38D,bonares,77.1389,100.85515359116022,76.48483716826256,10.629527056036196,10.103081896537969,0.8337317346125861,10.144321803986234,0.8453601503321861,4.939784878171352,,,lseg_backfill
2026-03-12,AL29D,bonares,59.0494,70.11988950276243,84.2120551226392,11.385473093274738,10.78426583122194,0.8901858917739203,10.831262596855408,0.9026052164046172,1.7077107385933596,,,lseg_backfill
2026-03-12,AL30D,bonares,59.521,72.09248618784531,82.56200215499733,10.35785970326178,9.857147705401248,0.8133570671838619,9.896401777299513,0.8247001481082927,2.1541062134278417,,,lseg_backfill
2026-03-12,AL35D,bonares,75.1083,100.70563535911602,74.58202287504966,10.161979733621331,9.679447191951018,0.7986377646768572,9.717296961890389,0.8097747468241989,5.782237974077976,,,lseg_backfill
2026-03-12,AL41D,bonares,69.4972,100.59944751381217,69.08308317544005,10.264700903606403,9.772674154288396,0.8063596884720914,9.81125746501963,0.8176047887516358,6.242781795432635,,,lseg_backfill
2026-03-12,AN29D,bonares,92.4436,100.0,92.4436,8.655751976153212,8.302390071905808,0.6846436700511216,8.330226470031743,0.6941855391693119,3.391478069254376,,,lseg_backfill
2026-03-12,AO27D,bonares,98.3077,100.2315625,98.0805821519544,7.531366161511189,7.261962043149661,0.5985987084573985,7.283253106543341,0.6069377588786118,1.5523309476496443,,,lseg_backfill
2026-03-12,BPA7D,bopreales,99.5,101.82692307692308,97.71482530689327,6.900043893146115,6.673014177869585,0.5499233465296793,6.690989102085165,0.5575824251737638,1.3286422723890998,,,lseg_backfill
2026-03-12,BPA8D,bopreales,88.75,101.09615384615384,87.78771162259844,8.479580975917205,8.140085100943551,0.671216123123064,8.166842651320128,0.680570220943344,2.517071726629125,,,lseg_backfill
2026-03-12,BPB7D,bopreales,98.78,101.82692307692308,97.0077431539188,7.486102355284788,7.2198512447204655,0.5951175793087682,7.240895867863628,0.6034079889886357,1.3280432683855483,,,lseg_backfill
2026-03-12,BPB8D,bopreales,86.8,101.09615384615384,85.85885486018641,9.441662967223108,9.023261449586318,0.7443025344719523,9.056147762236222,0.7546789801863518,2.515220643421877,,,lseg_backfill
2026-03-12,BPC7D,bopreales,97.875,101.82692307692308,96.11898016997166,8.233836854117344,7.913243338340314,0.6524523251948189,7.93852885970594,0.6615440716421617,1.327281983329564,,,lseg_backfill
2026-03-12,BPD7D,bopreales,98.16,100.0,98.16,5.987143431065521,5.815224433293853,0.4790694671077178,5.828872124476181,0.4857393437063484,1.3598109041899002,,,lseg_backfill
2026-03-12,CUAP,cer,38031.7465,55094.09868241448,69.03052669802435,10.18870894526729,9.703714244755911,0.800647732562787,9.741754276482872,0.8118128563735727,9.917026022261725,,,lseg_backfill
2026-03-12,DICP,cer,45822.5,44293.54819550279,103.45186120052684,12.59360298555332,11.863399156077593,0.9796832583277348,11.920287968861045,0.9933573307384204,3.1984594445964847,,,lseg_backfill
2026-03-12,DIP0,cer,45991.536,44293.54819550279,103.83348788632294,12.464244446412032,11.748406148009094,0.9701427203931968,11.80419578176206,0.9836829818135052,3.204045130143172,,,lseg_backfill
2026-03-12,GD29D,bonares,87.7278,70.11988950276243,125.1111498065665,-10.427050773024652,-11.010020864276548,-0.900986305661644,-10.961312135978927,-0.913442677998244,1.9250990751603487,,,lseg_backfill
2026-03-12,GD30D,bonares,84.4333,72.09248618784531,117.11803055314152,-5.32845869360921,-5.475263809108122,-0.4490442076790168,-5.463200573677352,-0.4552667144731126,2.4072118386881347,,,lseg_backfill
2026-03-12,GD35D,bonares,75.2833,100.70563535911602,74.75579666573768,10.117658632336031,9.639195781236952,0.7953039453421074,9.676731021102558,0.8063942517585465,5.784435052678342,,,lseg_backfill
2026-03-12,GD38D,bonares,78.5389,100.85515359116022,77.87296653017421,10.228860926290915,9.740156599280848,0.8036662172948628,9.778483249505587,0.8148736041254656,4.974817238643905,,,lseg_backfill
2026-03-12,GD41D,bonares,70.1222,100.59944751381217,69.70435895323614,10.106949814418076,9.629467854246789,0.7944982466899342,9.666927276144044,0.8055772730120037,6.264150870634584,,,lseg_backfill
2026-03-12,GD46D,bonares,71.2333,93.72767955801106,76.00028117191509,8.908744971410073,8.535012090235107,0.7038915897356945,8.564431997256783,0.7137026664380652,6.694995057093442,,,lseg_backfill
2026-03-12,PAP0,cer,31433.1855,55171.96774378577,56.97310932604981,10.0163204323027,9.547102010040051,0.7876766882489727,9.583922564829097,0.7986602137357579,6.833498220411546,,,lseg_backfill
2026-03-12,PARP,cer,31729.8065,55171.96774378577,57.51073923509617,9.86539855526594,9.409790828963091,0.7763055363136706,9.445558581184963,0.7871298817654138,6.847366655329746,,,lseg_backfill
2026-03-12,T15E7,tasa_fija,125.875,131.06174001622642,96.04252162714742,33.86734333028093,29.17957229767032,2.4263306319189715,29.52529086043772,2.460440905036476,0.6319658493084133,,,lseg_backfill
2026-03-12,T30A7,tasa_fija,113.375,111.580465084719,101.60828771767396,33.5258710293654,28.923960517420856,2.404831063013857,29.26362604214665,2.438635503512221,0.8488768634382574,,,lseg_backfill
2026-03-12,T31Y7,tasa_fija,106.775,107.03677021201838,99.75543898465932,33.30931644494235,28.7615188558924,2.391170322542924,29.09736565496841,2.4247804712473675,0.9139223219833772,,,lseg_backfill
2026-03-12,TX26,cer,1265.029,1422.735770693526,88.91524526605174,36.94625773875643,31.45538456710606,2.617942217221425,31.857371792497258,2.654780982708105,0.3874990809795686,,,lseg_backfill
2026-03-12,TX28,cer,1791.161,2135.904229146343,83.85961203494004,16.724063690334244,15.467529729605634,1.2791464965706156,15.564325716407623,1.2970271430339686,1.280413008692998,,,lseg_backfill
2026-03-12,TX31,cer,1267.5,1699.0820733965572,74.59910382470215,12.356489217392197,11.652516611848409,0.9621877920054756,11.707397893650915,0.9756164911375764,3.094783346091975,,,lseg_backfill
2026-03-12,TY30P,tasa_fija,118.25,232.75,50.80558539205156,27.06234389737537,23.958627476277748,1.988060087717236,24.191382188663724,2.015948515721977,2.27343448426158,,,lseg_backfill
2026-03-12,TZX26,cer,353.05,397.44885510910814,88.82903937491034,48.1906826082487,39.35416597188623,3.285670661835405,39.9846840932173,3.332057007768108,0.2032270729062473,,,lseg_backfill
2026-03-12,TZX27,cer,325.375,397.44885510910814,81.86587929928183,16.63241618473572,15.388949311369691,1.2726081911091924,15.484762324667043,1.2903968603889204,1.1150237356207224,,,lseg_backfill
2026-03-12,TZX28,cer,295.4,397.4488542941703,74.32402856578895,13.754644450199246,12.889645529395866,1.0648656648396535,12.95682032636538,1.0797350271971151,2.0241217605722683,,,lseg_backfill
2026-03-12,TZXA7,cer,102.125,122.17245542588824,83.59085494680153,17.131888574135353,15.816462537115662,1.3081844766583697,15.917684217953454,1.3264736848294545,0.967687142818748,,,lseg_backfill
2026-03-12,TZXD6,cer,252.025,293.8376877313334,85.7701413136751,22.34500961557205,20.173054162560543,1.6714156544809011,20.33790462717704,1.6948253855980866,0.6221116179681502,,,lseg_backfill
2026-03-12,TZXD7,cer,231.425,293.8376877313334,78.75946812227858,14.52603283196342,13.565717530678922,1.121020196356448,13.640136948353287,1.1366780790294406,1.5371509975456124,,,lseg_backfill
2026-03-12,TZXM7,cer,184.675,220.42653392464743,83.78074849334199,18.332227863896595,16.836479194354716,1.3931158117491682,16.951208024599218,1.4126006687166015,0.8884601610543085,,,lseg_backfill
2026-03-12,TZXO6,cer,143.925,165.87224680695547,86.76858411853672,25.03718674222449,22.350940658498075,1.853468774384659,22.55342178212496,1.87945181517708,0.5079939809619449,,,lseg_backfill
2026-03-13,AE38D,bonares,77.4306,100.86896574585636,76.76355103619252,10.551319835447842,10.032344491678112,0.8278710148187596,10.073008185480605,0.8394173487900503,4.943819627413472,,,lseg_backfill
2026-03-13,AL29D,bonares,59.7553,70.12182320441988,85.21640948467743,10.632720769286282,10.105969508335422,0.8339709853810495,10.147233024074698,0.8456027520062248,1.7116587666966396,,,lseg_backfill
2026-03-13,AL30D,bonares,59.7255,72.09397790055249,82.84395138021964,10.19616837454526,9.710485501652766,0.8012085825673809,9.7485787076228,0.8123815589685668,2.1537300301028988,,,lseg_backfill
2026-03-13,AL35D,bonares,74.8927,100.71701657458564,74.35952984621866,10.2219292930239,9.733866322527264,0.8031451935587297,9.772143422824351,0.8143452852353628,5.77648787748644,,,lseg_backfill
2026-03-13,AL41D,bonares,69.62639999999999,100.60911602209944,69.20486209689597,10.236688873494048,9.74725978332791,0.8042545772866561,9.785642425567165,0.8154702021305971,6.243791505580816,,,lseg_backfill
2026-03-13,AN29D,bonares,92.8547,100.0,92.8547,8.52097038329597,8.178240451012897,0.6743725729131178,8.205249700475559,0.6837708083729632,3.389460966959623,,,lseg_backfill
2026-03-13,AO27D,bonares,98.1412,100.249375,97.89706918372308,7.663079415974735,7.384399866167679,0.6087208089063045,7.406415623344831,0.6172013019454026,1.549455476102638,,,lseg_backfill
2026-03-13,BPA7D,bopreales,99.625,101.84065934065934,97.82438629619638,6.813799071700554,6.592288945444724,0.5432533421045216,6.609831237485508,0.550819269790459,1.3259528183162468,,,lseg_backfill
2026-03-13,BPA8D,bopreales,88.875,101.1043956043956,87.90418998967448,8.4286234914852,8.093089352652182,0.6673284716443018,8.119538509381918,0.6766282091151599,2.514391608431001,,,lseg_backfill
2026-03-13,BPB7D,bopreales,98.905,101.84065934065934,97.11739951443217,7.399835123066753,7.139544262350084,0.5884792491122282,7.160122897906796,0.5966769081588996,1.3253535345862884,,,lseg_backfill
2026-03-13,BPB8D,bopreales,86.925,101.1043956043956,85.97549046247485,9.389907910712866,8.975948515506872,0.7403858980739919,9.008490457499008,0.7507075381249173,2.512542795062306,,,lseg_backfill
2026-03-13,BPC7D,bopreales,98.0,101.84065934065934,96.22875640679794,8.147537730934973,7.833460368705802,0.6458536759903044,7.858238079075708,0.654853173256309,1.3245918999878517,,,lseg_backfill
2026-03-13,BPD7D,bopreales,98.285,100.0,98.285,5.900401665683955,5.733336191407812,0.4723079799229701,5.746601941378149,0.4788834951148457,1.357094350646367,,,lseg_backfill
2026-03-13,CUAP,cer,38183.965,55099.07602489739,69.30055411953909,10.1473073013937,9.66612381302834,0.7975342452595013,9.70386932657874,0.808655777214895,9.9259377556055,,,lseg_backfill
2026-03-13,DICP,cer,46292.5,44300.56158684428,104.4964179726048,12.247054063197876,11.555038226617407,0.9541016747984798,11.609003770297656,0.967416980858138,3.2106744946668684,,,lseg_backfill
2026-03-13,DIP0,cer,46192.108,44300.56158684428,104.26980233523145,12.322973524641723,11.622672870300166,0.9597120998470432,11.67727297121992,0.9731060809349934,3.2073820863700417,,,lseg_backfill
2026-03-13,GD29D,bonares,87.9361,70.12182320441988,125.40475415712986,-10.551678480085464,-11.149210912238306,-0.9123263018316564,-11.099264637448323,-0.9249387197873604,1.9237047365066544,,,lseg_backfill
2026-03-13,GD30D,bonares,84.5396,72.09397790055249,117.2630536722709,-5.383959705593544,-5.533896967159446,-0.4538423391713286,-5.521574171714239,-0.4601311809761865,2.405402270374872,,,lseg_backfill
2026-03-13,GD35D,bonares,75.1677,100.71701657458564,74.63257208808882,10.152036366946952,9.670418259056458,0.797889934879481,9.708197361210756,0.8090164467675631,5.77995313517879,,,lseg_backfill
2026-03-13,GD38D,bonares,78.6306,100.86896574585636,77.95321327881277,10.208993921101548,9.722126754149183,0.8021728118624338,9.76031146515952,0.8133592887632934,4.973784997403801,,,lseg_backfill
2026-03-13,GD41D,bonares,69.8014,100.60911602209944,69.37880259743827,10.192399349936608,9.7070642469248,0.8009252063327477,9.74513058134816,0.8120942151123467,6.249786067629142,,,lseg_backfill
2026-03-13,GD46D,bonares,70.8277,93.73828729281767,75.55898666971578,9.005743676251768,8.62405757954865,0.7112604511058773,8.654095257409633,0.7211746047841361,6.668815935594477,,,lseg_backfill
2026-03-13,PAP0,cer,31519.765,55174.6440488173,57.12726478509224,9.976255304696156,9.510668428102331,0.7846593928553469,9.547208144585628,0.795600678715469,6.834399682270219,,,lseg_backfill
2026-03-13,PARP,cer,31816.9495,55174.6440488173,57.665889918291214,9.825536882861172,9.373492627235304,0.7732997803004293,9.408984629292585,0.7840820524410486,6.848255935731464,,,lseg_backfill
2026-03-13,T15E7,tasa_fija,125.425,131.14930501077325,95.63527613790784,34.56447070464786,29.699399816145554,2.470066911106872,30.05759437827713,2.504799531523094,0.6266572729197835,,,lseg_backfill
2026-03-13,T30A7,tasa_fija,113.225,111.67312868608646,101.38965508728232,33.77591996229435,29.11120041166393,2.4205794285583337,29.4552946109353,2.4546078842446084,0.8452435800136993,,,lseg_backfill
2026-03-13,T31Y7,tasa_fija,106.625,107.12046659292224,99.5374678540142,33.55002301296361,28.942061086681736,2.4063533627592726,29.282153471623666,2.4401794559686385,0.9102250393237707,,,lseg_backfill
2026-03-13,TX26,cer,1273.4715,1422.813844324141,89.50373269701485,34.91377461852848,29.95885643619478,2.491903342227131,30.32336140226892,2.52694678352241,0.3856496414794543,,,lseg_backfill
2026-03-13,TX28,cer,1801.6485,2136.035978398005,84.34541918864163,16.2319051794903,15.044818985694764,1.2439795378627938,15.136386545424507,1.2613655454520425,1.280673069941698,,,lseg_backfill
2026-03-13,TX31,cer,1273.0,1699.1985925347683,74.91767034134665,12.210978580699985,11.522883540827976,0.951434486865943,11.576548709654675,0.9647123924712232,3.0948263522301915,,,lseg_backfill
2026-03-13,TY30P,tasa_fija,119.0,232.75,51.127819548872175,26.781664722468367,23.73733986103199,1.969524272152379,23.965801716280488,1.997150143023374,2.2780468938163168,,,lseg_backfill
2026-03-13,TZX26,cer,356.25,397.44885510910814,89.63417441527208,44.29688837835872,36.68869843914146,3.059875539487078,37.23631808353565,3.103026506961304,0.2068137013564016,,,lseg_backfill
2026-03-13,TZX27,cer,326.075,397.44885510910814,82.04200258936096,16.47723488530084,15.255753225083437,1.2615265058120162,15.349911573453756,1.279159297787813,1.1141587232720167,,,lseg_backfill
2026-03-13,TZX28,cer,297.0,397.4488542941703,74.72659608679525,13.50518328825733,12.670030290635848,1.046630913341784,12.73493182016452,1.0612443183470432,2.0261582727463776,,,lseg_backfill
2026-03-13,TZXA7,cer,102.075,122.17245542588824,83.54992919162562,17.227504683590862,15.898095838402517,1.3149791128744814,16.000367254526893,1.333363937877241,0.9645623509069148,,,lseg_backfill
2026-03-13,TZXD6,cer,253.425,293.8376877313334,86.246594831537,21.543054011306573,19.515051892501468,1.6164740632210295,19.66929719843576,1.639108099869646,0.6239638078906945,,,lseg_backfill
2026-03-13,TZXD7,cer,232.375,293.8376877313334,79.08277586654201,14.28356409766402,13.353699992159186,1.103406777029914,13.42580742348396,1.11881728529033,1.5380166161397628,,,lseg_backfill
2026-03-13,TZXM7,cer,185.375,220.42653392464743,84.09831461731837,17.957891580642958,16.51948951799742,1.3667144071813686,16.62992978795259,1.3858274823293826,0.8889586253368325,,,lseg_backfill
2026-03-13,TZXO6,cer,145.625,165.87224680695547,87.79346925316595,22.85583550874194,20.58994658894808,1.7062400183162962,20.76169961739893,1.7301416347832443,0.51478509686462,,,lseg_backfill
2026-03-16,AE38D,bonares,77.1944,100.91040220994476,76.49796087364368,10.638578119729376,10.11126524497563,0.8344097608356416,10.152572074752264,0.846047672896022,4.927886141269505,,,lseg_backfill
2026-03-16,AL29D,bonares,59.2572,70.12762430939226,84.49908375416565,11.23366319206552,10.64784045717404,0.8788769846276745,10.693654063174929,0.8911378385979107,1.697951851331836,,,lseg_backfill
2026-03-16,AL30D,bonares,59.102,72.09845303867404,81.97401956502081,10.779466774979852,10.238561056959528,0.8449573433244595,10.280915899480192,0.8567429916233493,2.136752937839648,,,lseg_backfill
2026-03-16,AL35D,bonares,74.0292,100.75116022099448,73.47726799137529,10.45952542447916,9.949253960837568,0.8209872371318205,9.98924600571236,0.8324371671426967,5.756368758933257,,,lseg_backfill
2026-03-16,AL41D,bonares,69.0361,100.63812154696132,68.59835908978617,10.40198997905076,9.897138870810116,0.816669904855738,9.936712513250612,0.8280593761042176,6.21315190372751,,,lseg_backfill
2026-03-16,AN29D,bonares,92.8128,100.0,92.8128,8.557335647071852,8.21175225560722,0.6771449584184408,8.238983546095913,0.6865819621746594,3.3809224753156752,,,lseg_backfill
2026-03-16,AO27D,bonares,98.0318,100.3028125,97.73584364845202,7.784054144009129,7.496723849850229,0.6180076504651355,7.519415125535378,0.6266179271279482,1.5410324052196895,,,lseg_backfill
2026-03-16,BPA7D,bopreales,99.5,101.88186813186812,97.66212754482945,6.960215163301958,6.729296087429115,0.5545739496110036,6.7475757677335935,0.5622979806444661,1.3174695660983746,,,lseg_backfill
2026-03-16,BPA8D,bopreales,88.75,101.12912087912088,87.75909374915108,8.518736824710855,8.176181787180713,0.6742022648916324,8.203177426137032,0.6835981188447526,2.50588554735824,,,lseg_backfill
2026-03-16,BPB7D,bopreales,98.78,101.88186813186812,96.9554267223945,7.551592355381429,7.28077359701973,0.600153821054028,7.302175213571793,0.6085146011309828,1.3168653480415289,,,lseg_backfill
2026-03-16,BPB8D,bopreales,86.8,101.12912087912088,85.8308657738176,9.485484845793986,9.063304666661054,0.7476174876859476,9.09648385632531,0.7580403213604425,2.50402488924604,,,lseg_backfill
2026-03-16,BPC7D,bopreales,97.875,101.88186813186812,96.06714304975056,8.306159264905906,7.980056084760045,0.6579785615359546,8.005770834117154,0.6671475695097628,1.3160974142099058,,,lseg_backfill
2026-03-16,BPD7D,bopreales,98.16,100.0,98.16,6.037928619673405,5.863136987771189,0.4830257961022433,5.8770106689990165,0.4897508890832514,1.348663969446838,,,lseg_backfill
2026-03-16,CUAP,cer,38429.0015,55114.00805234616,69.72637784481383,10.08516579903925,9.60967626764486,0.7928590621325782,9.646981674162536,0.8039151395135447,9.93515006443345,,,lseg_backfill
2026-03-16,DICP,cer,46292.5,44321.601760868754,104.44681184981752,12.280307105493073,11.58466809710468,0.9565594930042608,11.638911174296853,0.9699092645247376,3.200898527970319,,,lseg_backfill
2026-03-16,DIP0,cer,46342.2985,44321.601760868754,104.55916902559986,12.24263253767577,11.551097800582832,0.953774818096642,11.605026489334946,0.9670855407779122,3.2025330465463004,,,lseg_backfill
2026-03-16,GD29D,bonares,87.4389,70.12762430939226,124.68538733642688,-10.329859993392503,-10.9016076285382,-0.8921528677380719,-10.853852083738191,-0.9044876736448492,1.9129102588728528,,,lseg_backfill
2026-03-16,GD30D,bonares,84.0167,72.09845303867404,116.53051689601848,-5.156803809840425,-5.29413846825183,-0.4342207524337338,-5.282859621426272,-0.4402383017855227,2.393109453936382,,,lseg_backfill
2026-03-16,GD35D,bonares,74.1542,100.75116022099448,73.60133604153552,10.427160774923328,9.919941683687703,0.8185589196097354,9.959698125520957,0.8299748437934129,5.75797471422064,,,lseg_backfill
2026-03-16,GD38D,bonares,77.4444,100.91040220994476,76.74570540198266,10.566054864040677,10.045675946408815,0.8289755243704011,10.086447924927278,0.8405373270772731,4.934201797632367,,,lseg_backfill
2026-03-16,GD41D,bonares,68.9111,100.63812154696132,68.47415168400538,10.434208610682624,9.92632555412898,0.8190877738914804,9.96613324809843,0.8305111040082025,6.2088165523922285,,,lseg_backfill
2026-03-16,GD46D,bonares,70.1542,93.77011049723758,74.81509793258344,9.174516678004611,8.778804182063116,0.7240675757259618,8.809930750368267,0.7341608958640222,6.620014423281093,,,lseg_backfill
2026-03-16,PAP0,cer,31623.9995,55182.67296391194,57.30784284530996,9.935676446598269,9.473754185935324,0.7816023800012228,9.51001045824782,0.7925008715206516,6.829794538017392,,,lseg_backfill
2026-03-16,PARP,cer,31922.046,55182.67296391194,57.847951694685406,9.784975685286597,9.336543946161346,0.7702402488548366,9.371756355060956,0.7809796962550797,6.843655771586501,,,lseg_backfill
2026-03-16,T15E7,tasa_fija,125.425,131.41235117443483,95.4438444172669,34.957981911387044,29.99164504557705,2.494663222741589,30.356951435792645,2.5297459529827204,0.6187440551856935,,,lseg_backfill
2026-03-16,T30A7,tasa_fija,113.225,111.95158146879108,101.13747257028602,34.06106430973181,29.324294738534707,2.438505206055641,29.67346429668937,2.472788691390781,0.837319044499541,,,lseg_backfill
2026-03-16,T30J6,tasa_fija,132.6,134.51898751698045,98.57344487019856,35.7385386172265,30.56882750494905,2.5432575484891418,30.948386717504928,2.579032226458744,0.2138023485388931,,,lseg_backfill
2026-03-16,T31Y7,tasa_fija,106.625,107.3719486138895,99.304335421372,33.81311728468025,29.139024424596816,2.4229198493138204,29.483779195288395,2.4569815996073663,0.902297339472777,,,lseg_backfill
2026-03-16,TX26,cer,1277.5695,1423.0480652159852,89.77697459615288,34.64636342890879,29.7602884724324,2.475191028402413,30.11995895857229,2.509996579881024,0.377439530363022,,,lseg_backfill
2026-03-16,TX28,cer,1863.281,2136.4312261529926,87.21464923329893,13.335289053940976,12.520186755231254,1.0341911628845235,12.583559764009776,1.048629980334148,1.290524482791104,,,lseg_backfill
2026-03-16,TX31,cer,1295.0,1699.5481499494022,76.19672323132204,11.625396766994582,10.99949781659204,0.9080299219854648,11.048391955847148,0.920699329653929,3.0978916769540783,,,lseg_backfill
2026-03-16,TY30P,tasa_fija,119.0,232.75,51.127819548872175,26.87838004443752,23.813645394681004,1.9759155195265168,24.043582993526424,2.003631916127202,2.2683259818444927,,,lseg_backfill
2026-03-16,TZX26,cer,360.4,397.44885510910814,90.6783339207412,40.09815147276439,33.7328854700848,2.8100428453035065,34.1954655159669,2.8496221263305754,0.2071491881835579,,,lseg_backfill
2026-03-16,TZX27,cer,334.525,397.44885510910814,84.16806230531618,14.300091381622304,13.368165885454196,1.104608441090904,13.440429899231532,1.120035824935961,1.1281948292007715,,,lseg_backfill
2026-03-16,TZX28,cer,302.2,397.4488542941703,76.03494053006574,12.699878185622776,11.957773735274737,0.9875138137215966,12.015572678602648,1.0012977232168874,2.0333483458209343,,,lseg_backfill
2026-03-16,TZXA7,cer,105.225,122.17245542588824,86.12825176770811,14.228835917819447,13.305782970994384,1.099426467301945,13.377372953620092,1.114781079468341,0.982693042176972,,,lseg_backfill
2026-03-16,TZXD6,cer,253.425,293.8376877313334,86.246594831537,21.80296126893851,19.728778078983765,1.634316532823643,19.886429196461552,1.6572024330384627,0.6158890620219265,,,lseg_backfill
2026-03-16,TZXD7,cer,238.175,293.8376877313334,81.0566547262556,12.755062535827973,12.006743580078028,0.9915772269334822,12.065017634375865,1.0054181361979886,1.5515814666161998,,,lseg_backfill
2026-03-16,TZXM7,cer,190.125,220.42653392464743,86.25322760144385,15.274093146054128,14.217020618630947,1.175145945328082,14.298771310676806,1.1915642758897338,0.9025300227623704,,,lseg_backfill
2026-03-16,TZXO6,cer,147.575,165.87224680695547,88.96907278994654,20.591773676850693,18.72889187882898,1.5508692400955315,18.870930974769266,1.5725775812307718,0.5176389403964368,,,lseg_backfill
2026-03-17,AE38D,bonares,76.7083,100.92421436464087,76.00584308028559,10.787087013159196,10.245441496544938,0.8455274789030964,10.287853359972132,0.857321113331011,4.91220880008184,,,lseg_backfill
2026-03-17,AL30D,bonares,59.6035,72.09994475138122,82.66788581534686,10.357022195486952,9.85638859578608,0.8132941841396457,9.895636614182113,0.8246363845151761,2.1402297530713112,,,lseg_backfill
2026-03-17,AL35D,bonares,74.1656,100.76254143646408,73.60433643564377,10.429497742817576,9.922058534608036,0.8187342840356937,9.961831967655144,0.830152663971262,5.75508098011503,,,lseg_backfill
2026-03-17,AL41D,bonares,68.7958,100.64779005524862,68.35301596014766,10.4689313895643,9.957771224960776,0.8216928436027393,9.99783185981764,0.8331526549848034,6.201370970613036,,,lseg_backfill
2026-03-17,AN29D,bonares,93.1253,100.0,93.1253,8.45670291643878,8.11898844092962,0.66947091620293,8.145607330069371,0.6788006108391142,3.3787122850323468,,,lseg_backfill
2026-03-17,AO27D,bonares,98.2565,100.320625,97.9424719493125,7.638325275702719,7.361400350043956,0.6068193327003035,7.383279049148328,0.615273254095694,1.5383627262775048,,,lseg_backfill
2026-03-17,BPA7D,bopreales,100.0,101.8956043956044,98.13966028579132,6.568392361856003,6.362231913890071,0.5242469921624027,6.378570215582169,0.5315475179651807,1.31509327451968,,,lseg_backfill
2026-03-17,BPA8D,bopreales,89.0,101.13736263736264,87.99913076546966,8.406693577158086,8.072857620005758,0.6656548771581727,8.099174564419354,0.6749312137016128,2.503322513890333,,,lseg_backfill
2026-03-17,BPB7D,bopreales,99.375,101.8956043956044,97.52628740900512,7.077763786940702,6.839155547604725,0.563652292261918,6.858037490291302,0.5715031241909418,1.3145715207060462,,,lseg_backfill
2026-03-17,BPB8D,bopreales,87.0,101.13736263736264,86.02162220894225,9.395801447134836,8.981337337463868,0.7408319854962375,9.013918410716036,0.7511598675596698,2.5014203066349663,,,lseg_backfill
2026-03-17,BPC7D,bopreales,98.75,101.8956043956044,96.91291453221892,7.593012544966769,7.31928580994301,0.6033376192382978,7.340914652656139,0.6117428877213449,1.314045328874084,,,lseg_backfill
2026-03-17,BPD7D,bopreales,98.75,100.0,98.75,5.579670077980194,5.429968712947764,0.4472628523683575,5.441866807919915,0.4534889006599929,1.3462100253597,,,lseg_backfill
2026-03-17,CUAP,cer,38556.788,55118.985394829055,69.95191896913468,10.051316122188192,9.578914828685225,0.790311380415476,9.6159814853074,0.8013317904422834,9.941929854545888,,,lseg_backfill
2026-03-17,DICP,cer,47492.5,44328.615152210245,107.137341956039,11.402255171104656,10.799335817243128,0.8914351852257862,10.846464206209117,0.903872017184093,3.236498663255033,,,lseg_backfill
2026-03-17,DIP0,cer,47386.613,44328.615152210245,106.89847367730655,11.479101290034093,10.868313261057416,0.8971535677915865,10.916046464453188,0.9096705387044324,3.233116211621605,,,lseg_backfill
2026-03-17,GD29D,bonares,87.8917,70.12955801104972,125.32761148466336,-10.58599394377489,-11.187569983841572,-0.915451245328569,-11.137279935590794,-0.9281066612992328,1.9129748424510715,,,lseg_backfill
2026-03-17,GD30D,bonares,84.4438,72.09994475138122,117.12047809631964,-5.363449795328255,-5.512225605306009,-0.4520689310826276,-5.499999067061934,-0.4583332555884944,2.3939333065803514,,,lseg_backfill
2026-03-17,GD35D,bonares,74.7906,100.76254143646408,74.2246066184816,10.268703569348135,9.776305112272343,0.806660449740626,9.814917135391976,0.8179097612826647,5.7630572780808444,,,lseg_backfill
2026-03-17,GD38D,bonares,77.9583,100.92421436464087,77.24439619449039,10.4242929980128,9.917343959143231,0.8183437189941634,9.95707955493046,0.8297566295775383,4.943800068017046,,,lseg_backfill
2026-03-17,GD41D,bonares,69.1708,100.64779005524862,68.72560238235738,10.372238287040856,9.870179430172875,0.8144365937760245,9.909537496288843,0.8257947913574037,6.2143810991731945,,,lseg_backfill
2026-03-17,GD46D,bonares,70.2906,93.7807182320442,74.95208111552103,9.146510494901786,8.753142055345386,0.7219436201792551,8.784086705489713,0.7320072254574761,6.623930068682175,,,lseg_backfill
2026-03-17,PAP0,cer,31338.5515,55185.349268943486,56.7878103792963,10.086080821116152,9.610507677747515,0.7929279209040185,9.647819547782888,0.8039849623152406,6.813207289592615,,,lseg_backfill
2026-03-17,PARP,cer,32617.0405,55185.349268943486,59.10452852448612,9.444821966307057,9.02614859006723,0.7445415411020617,9.059055975792862,0.7549213313160719,6.872254524666436,,,lseg_backfill
2026-03-17,T15E7,tasa_fija,127.225,131.50015041937505,96.74893876110336,32.79804452397189,28.376957729225992,2.358837181158968,28.70385083441631,2.3919875695346926,0.6267461559932201,,,lseg_backfill
2026-03-17,T30A7,tasa_fija,114.525,112.04455326909503,102.21380393649991,32.796396570043896,28.37571580932908,2.358732778972783,28.70258019644547,2.3918816830371226,0.8432314436682756,,,lseg_backfill
2026-03-17,T30J6,tasa_fija,134.25,134.61332226059716,99.73009932858368,30.402044581523533,26.55486932704732,2.2057737015901413,26.840994730322887,2.236749560860241,0.2204523200317998,,,lseg_backfill
2026-03-17,T31Y7,tasa_fija,107.675,107.45590708434574,100.20389099268624,32.81690549006445,28.39117050849427,2.360031987953848,28.7183923595574,2.39319936329645,0.9070037747779334,,,lseg_backfill
2026-03-17,TX26,cer,1288.9825,1423.1261388466,90.574016231947,31.79596600476044,27.61892698383239,2.295132350013218,27.92852772107288,2.327377310089407,0.3759912287034004,,,lseg_backfill
2026-03-17,TX28,cer,1867.7875,2136.562975404655,87.42019409216101,13.153434294916936,12.3595458413297,1.0208566770425254,12.421300483104767,1.035108373592064,1.2889060425925354,,,lseg_backfill
2026-03-17,TX31,cer,1299.5,1699.6646690876137,76.45625773333138,11.51131521895991,10.897214533584943,0.8995496403069181,10.945202301393133,0.9121001917827608,3.0973433111834234,,,lseg_backfill
2026-03-17,TY30P,tasa_fija,119.5,232.75,51.34264232008593,26.70257945592373,23.674900766335828,1.964294746843942,23.90215860998879,1.991846550832399,2.2703061815245342,,,lseg_backfill
2026-03-17,TZX26,cer,361.35,397.44885510910814,90.91735838584862,39.26758013980429,33.13772685086447,2.7598094087417424,33.58405882627524,2.79867156885627,0.2064187030178081,,,lseg_backfill
2026-03-17,TZX27,cer,338.675,397.44885510910814,85.21222181078532,13.242358072323276,12.438128564035589,1.0273794614997112,12.500672258852408,1.0417226882377006,1.1363149724684003,,,lseg_backfill
2026-03-17,TZX28,cer,303.35,397.4488542941703,76.32428593578902,12.529106146169433,11.80608130145644,0.9749277023095582,11.86242088793854,0.9885350739948784,2.034001101074552,,,lseg_backfill
2026-03-17,TZXA7,cer,105.225,122.17245542588824,86.12825176770811,14.26599665866405,13.338321391204833,1.1021293106005414,13.410262547584662,1.1175218789653885,0.979977425202044,,,lseg_backfill
2026-03-17,TZXD6,cer,259.275,293.8376877313334,88.23748988831707,18.225542099854387,16.746239207122372,1.3855992359629976,16.859738825228998,1.4049782354357498,0.6322096322094041,,,lseg_backfill
2026-03-17,TZXD7,cer,241.175,293.8376877313334,82.07762655024537,11.971020365673567,11.308742032914765,0.9336734741649756,11.36042823040988,0.9467023525341568,1.5600007899238304,,,lseg_backfill
2026-03-17,TZXM7,cer,191.025,220.42653392464743,86.66152690369921,14.793691630008064,13.799242366362986,1.1404237735017198,13.876250673079404,1.156354222756617,0.9039220131255166,,,lseg_backfill
2026-03-17,TZXO6,cer,147.875,165.87224680695547,89.14993487252818,20.29755496977868,18.48449015322162,1.530482331710581,18.622837578780427,1.5519031315650356,0.5166290610271498,,,lseg_backfill
2026-03-18,AE38D,bonares,76.0972,100.938026519337,75.39002160441667,10.9744702522876,10.41448460562755,0.8595359188487306,10.458309475803418,0.8715257896502848,4.893218626343119,,,lseg_backfill
2026-03-18,AL29D,bonares,59.7611,70.13149171270719,85.21293150987094,10.717899415427892,10.182953547515416,0.8403496387765053,10.22484896021396,0.8520707466844968,1.6970061945601786,,,lseg_backfill
2026-03-18,AL30D,bonares,59.355,72.1014364640884,82.32152216490579,10.587287037849825,10.064882550187114,0.8305668099348962,10.105810788119827,0.8421508990099857,2.134039153211889,,,lseg_backfill
2026-03-18,AL35D,bonares,73.4271,100.7739226519337,72.86319522721391,10.627248999028764,10.101022129106685,0.8335610745633604,10.142245200626563,0.8451871000522138,5.742488005955643,,,lseg_backfill
2026-03-18,AL41D,bonares,68.1806,100.65745856353593,67.73526867555847,10.634364817664846,10.107455950478016,0.8340941435715399,10.148731621590112,0.8457276351325094,6.176418082324208,,,lseg_backfill
2026-03-18,AN29D,bonares,93.1684,100.0,93.1684,8.449082592503519,8.111960488003556,0.6688895400478012,8.13853326492664,0.6782111054105533,3.375977469166868,,,lseg_backfill
2026-03-18,AO27D,bonares,98.2942,100.3384375,97.96265763058148,7.625768120019881,7.34973125460836,0.6058546079792393,7.371540579531199,0.6142950482942666,1.535594262586892,,,lseg_backfill
2026-03-18,BPA7D,bopreales,100.125,101.90934065934066,98.24909017387787,6.481336561392255,6.280494300074824,0.5174950085405472,6.296415153796087,0.5247012628163406,1.3124048253631713,,,lseg_backfill
2026-03-18,BPA8D,bopreales,89.125,101.1456043956044,88.11554444957493,8.355580697225482,8.025686909262753,0.6617529608239359,8.051696887135051,0.6709747405945876,2.5006426378726605,,,lseg_backfill
2026-03-18,BPB7D,bopreales,99.5,101.90934065934066,97.6357999730422,6.990696993418225,6.757795579835579,0.5569289566014657,6.776230558373353,0.5646858798644461,1.311882815681381,,,lseg_backfill
2026-03-18,BPB8D,bopreales,87.125,101.1456043956044,86.13819702854659,9.34387613921882,8.933848877539564,0.7369009499878842,8.966085921739708,0.7471738268116423,2.498742751515453,,,lseg_backfill
2026-03-18,BPC7D,bopreales,98.875,101.90934065934066,97.0225097722065,7.505933030608984,7.238302721724765,0.5966428738468865,7.259455149443461,0.6049545957869551,1.3113563688796277,,,lseg_backfill
2026-03-18,BPD7D,bopreales,98.875,100.0,98.875,5.492143893002253,5.347021482953962,0.4404160235102816,5.358558599519103,0.4465465499599252,1.343494247851191,,,lseg_backfill
2026-03-18,CUAP,cer,38601.6265,55123.96273731199,70.02694396981651,10.041354706272289,9.569860434566646,0.7895615016592528,9.606856963345669,0.8005714136121389,9.941964724886216,,,lseg_backfill
2026-03-18,DICP,cer,47492.5,44335.62854355173,107.1203940491048,11.412434118534147,10.80847521501893,0.8921928434983739,10.855683518659376,0.9046402932216148,3.233272589019572,,,lseg_backfill
2026-03-18,DIP0,cer,47438.2185,44335.62854355173,106.99796091398714,11.451832517738683,10.843842109906078,0.8951248194093875,10.89136030047806,0.9076133583731716,3.231538173925137,,,lseg_backfill
2026-03-18,GD29D,bonares,87.5444,70.13149171270719,124.82894326364053,-10.414965305881164,-10.996533523532747,-0.8998874076136532,-10.947943889248268,-0.9123286574373556,1.908298342417858,,,lseg_backfill
2026-03-18,GD30D,bonares,83.9458,72.1014364640884,116.4273613907969,-5.134947536561469,-5.271099817808933,-0.4323350963141403,-5.25991885553001,-0.4383265712941675,2.387173379231804,,,lseg_backfill
2026-03-18,GD35D,bonares,74.0521,100.7739226519337,73.4833953579151,10.464200207854049,9.953487148471996,0.8213379318454672,9.993513276064103,0.8327927730053419,5.750581223829138,,,lseg_backfill
2026-03-18,GD38D,bonares,77.2222,100.938026519337,76.50456687421593,10.643109601414364,10.115362047839582,0.8347492005328361,10.156702401148898,0.8463918667624082,4.9219363174394415,,,lseg_backfill
2026-03-18,GD41D,bonares,68.4306,100.65745856353593,67.98363576486086,10.56887090437059,10.048223545311764,0.8291865939890286,10.089016233125392,0.8407513527604493,6.185184357953029,,,lseg_backfill
2026-03-18,GD46D,bonares,70.0521,93.79132596685083,74.68931617915166,9.206627858977836,8.8082196496313,0.7265022341186755,8.839555400770127,0.7366296167308439,6.606795054964506,,,lseg_backfill
2026-03-18,PAP0,cer,31375.079,55188.02557397502,56.85124385894959,10.071509764055303,9.597267261209907,0.7918313329256854,9.634476264782776,0.8028730220652314,6.811766288294427,,,lseg_backfill
2026-03-18,PARP,cer,32654.5335,55188.02557397502,59.16959913021218,9.430461408095256,9.013023209550774,0.7434549849632655,9.045834848384526,0.7538195706987105,6.870804115744457,,,lseg_backfill
2026-03-18,T15E7,tasa_fija,127.225,131.5880083247634,96.68434200022593,32.922424199799025,28.47064757121931,2.3667135288730323,28.799710818400023,2.3999759015333355,0.6240999541612943,,,lseg_backfill
2026-03-18,T30A7,tasa_fija,114.525,112.13760227916718,102.12898944895343,32.8887504544286,28.445291225667745,2.364581805653509,28.7737664288505,2.397813869070875,0.8405851641542552,,,lseg_backfill
2026-03-18,T30J6,tasa_fija,134.25,134.70772315876962,99.66021015867804,30.735311086157463,26.810298361743868,2.227217527469527,27.10197406391428,2.258497838659524,0.2177961558328269,,,lseg_backfill
2026-03-18,T31Y7,tasa_fija,107.675,107.53993120532664,100.12559873635726,32.902795701363665,28.455868081838087,2.365471003095565,28.784588510566863,2.398715709213905,0.9043575714176342,,,lseg_backfill
2026-03-18,TX26,cer,1290.2925,1423.204212477215,90.66109337563933,31.7047843189599,27.54966676468973,2.2893136391001434,27.85771111750712,2.321475926458927,0.3732564707547182,,,lseg_backfill
2026-03-18,TX28,cer,1869.7845,2136.6947246563177,87.50826584741769,13.08934094880849,12.302867787291394,1.0161523494355729,12.364056441064353,1.0303380367553627,1.2865373682618315,,,lseg_backfill
2026-03-18,TX31,cer,1299.5,1699.7811882258252,76.45101669564744,11.522059134919576,10.906851768417214,0.9003486316633502,10.9549245726007,0.9129103810500584,3.094355451072897,,,lseg_backfill
2026-03-18,TY30P,tasa_fija,119.5,232.75,51.34264232008593,26.734748329711262,23.700303299619808,1.966422279891456,23.92805059354197,1.9940042161284977,2.2670663458465947,,,lseg_backfill
2026-03-18,TZX26,cer,361.35,397.44885510910814,90.91735838584862,39.711836960754695,33.45650482710438,2.786712416018955,33.911503130716895,2.825958594226408,0.2038026899193384,,,lseg_backfill
2026-03-18,TZX27,cer,338.675,397.44885510910814,85.21222181078532,13.272389411304438,12.464653621853673,1.029581274454583,12.5274647904849,1.043955399207075,1.1335966565536304,,,lseg_backfill
2026-03-18,TZX28,cer,303.35,397.4488542941703,76.32428593578902,12.545015210333451,11.820222610134934,0.9761009603269866,11.87669745195139,0.9897247876626158,2.0312809083395136,,,lseg_backfill
2026-03-18,TZXA7,cer,105.225,122.17245542588824,86.12825176770811,14.303351738117287,13.371019342679368,1.104845475922378,13.443314263114736,1.120276188592895,0.977261912414587,,,lseg_backfill
2026-03-18,TZXD6,cer,259.275,293.8376877313334,88.23748988831707,18.298335793989114,16.80782043631335,1.3907286106774164,16.92215816816285,1.410179847346904,0.629506247151932,,,lseg_backfill
2026-03-18,TZXD7,cer,241.175,293.8376877313334,82.07762655024537,11.990897408625113,11.326497914377676,0.9351460417396318,11.378346783742456,0.9481955653118712,1.5572792001475928,,,lseg_backfill
2026-03-18,TZXM7,cer,191.025,220.42653392464743,86.66152690369921,14.835597864827356,13.835755216677349,1.143457951355442,13.913172325872392,1.1594310271560326,0.9012080023775564,,,lseg_backfill
2026-03-18,TZXO6,cer,147.875,165.87224680695547,89.14993487252818,20.395961396769703,18.56630073096921,1.5373061668382038,18.705878461102365,1.5588232050918638,0.5139327521566321,,,lseg_backfill
2026-03-19,AE38D,bonares,74.9861,100.95183867403316,74.2790829616538,11.316358085725744,10.722177997201433,0.8850390026114541,10.76863442581102,0.8973862021509182,4.861044261809605,,,lseg_backfill
2026-03-19,AL29D,bonares,59.2631,70.13342541436464,84.50050692641888,11.285534868698493,10.694476291972732,0.8827426989235665,10.740692649349093,0.8950577207790911,1.6891562412316992,,,lseg_backfill
2026-03-19,AL30D,bonares,58.7315,72.10292817679559,81.45508301131822,11.152280065347524,10.574628284897749,0.8728086066987828,10.61981318899523,0.8849844324162692,2.122923846781498,,,lseg_backfill
2026-03-19,AL35D,bonares,72.63850000000001,100.78530386740331,72.07251177767522,10.84118120714361,10.2942704800999,0.8495736966451117,10.33708811342553,0.8614240094521275,5.729085058430354,,,lseg_backfill
2026-03-19,AL41D,bonares,67.0653,100.6671270718232,66.62085424584608,10.93635709755295,10.380124847350402,0.8566884064058922,10.423660629416442,0.8686383857847035,6.133434259961826,,,lseg_backfill
2026-03-19,AN29D,bonares,93.0089,100.0,93.0089,8.51143427605733,8.169450756422059,0.6736454257845859,8.196401918300378,0.6830334931916981,3.3728480895815176,,,lseg_backfill
2026-03-19,AO27D,bonares,98.0573,100.35625,97.70921093604036,7.809695513885679,7.52051549026167,0.6199748273128192,7.543351161889955,0.6286125968241629,1.5326800503668925,,,lseg_backfill
2026-03-19,BPA7D,bopreales,99.875,101.92307692307692,97.99056603773585,6.699027334396083,6.484761627075897,0.5343694523594511,6.501735844960521,0.5418113204133768,1.3094037593544252,,,lseg_backfill
2026-03-19,BPA8D,bopreales,88.875,101.15384615384616,87.86121673003802,8.487188915672503,8.147099665599455,0.67179640471553,8.173903400316007,0.6811586166930006,2.4976126983108897,,,lseg_backfill
2026-03-19,BPB7D,bopreales,99.25,101.92307692307692,97.37735849056604,7.211890163480225,6.964361551202503,0.5739997774031114,6.983941811164307,0.5819951509303589,1.308878837485355,,,lseg_backfill
2026-03-19,BPB8D,bopreales,86.875,101.15384615384616,85.88403041825094,9.480725059249025,9.058956079569636,0.747257487462405,9.092103400581577,0.7576752833817979,2.495700750942894,,,lseg_backfill
2026-03-19,BPC7D,bopreales,98.625,101.92307692307692,96.76415094339625,7.730690818161253,7.447191971174716,0.613912299085051,7.469584100623905,0.6224653417186587,1.308349438659136,,,lseg_backfill
2026-03-19,BPD7D,bopreales,98.625,100.0,98.625,5.703251072674293,5.546967844595074,0.4569212418541912,5.559384575476312,0.4632820479563593,1.3405670111244734,,,lseg_backfill
2026-03-19,CUAP,cer,38646.5165,55128.94007979491,70.10204884052212,10.03139170903175,9.560803785481188,0.7888114415432357,9.597730235541755,0.7998108529618131,9.942000044575307,,,lseg_backfill
2026-03-19,DICP,cer,47492.5,44342.64193489322,107.10345150325416,11.422632655036878,10.817631366203727,0.8929518961480198,10.864919799086792,0.9054099832572328,3.230045731938195,,,lseg_backfill
2026-03-19,DIP0,cer,47489.879,44342.64193489322,107.09754071425822,11.424535227935404,10.819339385952254,0.8930934930353018,10.866642773955704,0.9055535644963086,3.229961963462847,,,lseg_backfill
2026-03-19,GD29D,bonares,86.9472,70.13342541436464,123.97398171598728,-10.106713935330587,-10.653138004923068,-0.8719048576767197,-10.607531605639986,-0.8839609671366655,1.902106429226591,,,lseg_backfill
2026-03-19,GD30D,bonares,83.2979,72.10292817679559,115.526376121306,-4.831694215211943,-4.951986254551121,-0.4062128955331978,-4.942117291866621,-0.4118431076555517,2.379124110654068,,,lseg_backfill
2026-03-19,GD35D,bonares,72.9135,100.78530386740331,72.34536901920498,10.768121122382492,10.228316004254667,0.8441084107460028,10.27058601327724,0.8558821677731032,5.732714455931172,,,lseg_backfill
2026-03-19,GD38D,bonares,76.0861,100.95183867403316,75.36871145623905,10.98434549934862,10.423385415374463,0.8602735725240063,10.467285329537024,0.8722737774614187,4.889588417814549,,,lseg_backfill
2026-03-19,GD41D,bonares,67.4103,100.6671270718232,66.96356791021226,10.8436826221393,10.296527847173495,0.8497607573485277,10.339364286109465,0.8616136905091221,6.1457349456744135,,,lseg_backfill
2026-03-19,GD46D,bonares,68.8335,93.80193370165746,73.38174948389548,9.502840868670283,9.079159700292385,0.7489300660800335,9.11245521370887,0.7593712678090725,6.533859628737599,,,lseg_backfill
2026-03-19,PAP0,cer,31411.649,55190.70187900656,56.91474819230078,10.056931823433716,9.58401884042004,0.7907340935691787,9.62112505783077,0.8017604214858975,6.81032614941756,,,lseg_backfill
2026-03-19,PARP,cer,32692.07,55190.70187900656,59.23474224276065,9.416093870339386,8.999889730719746,0.7423677697620645,9.032605703540408,0.7527171419617007,6.869354571470312,,,lseg_backfill
2026-03-19,T15E7,tasa_fija,127.225,131.6759249297921,96.61978836893284,33.04774523708771,28.564958118432628,2.374642649936498,28.896213189895192,2.4080177658246,0.6214543029199802,,,lseg_backfill
2026-03-19,T30A7,tasa_fija,114.525,112.23072856312744,102.04424533837194,32.98162286847612,28.51520866944401,2.370459911175349,28.84530662545401,2.403775552121168,0.837939292908807,,,lseg_backfill
2026-03-19,T30J6,tasa_fija,134.25,134.8021902578903,99.59036996592276,31.07592549170593,27.07068902208976,2.249082369350641,27.368078101658178,2.280673175138181,0.2151414380762472,,,lseg_backfill
2026-03-19,T31Y7,tasa_fija,107.675,107.62402102816702,100.047367652078,32.98913403007309,28.520861193265247,2.3709351449135774,28.851090517831057,2.404257543152588,0.901711747737742,,,lseg_backfill
2026-03-19,TX26,cer,1291.6045,1423.2822861078296,90.74830148642393,31.61215605674236,27.47925876812652,2.283398828698901,27.78572499275533,2.315477082729611,0.3705224269360934,,,lseg_backfill
2026-03-19,TX28,cer,1871.7825,2136.82647390798,87.59637354065308,13.025085076881188,12.2460138455609,1.0114336357526454,12.306637380992402,1.0255531150827002,1.284169995121175,,,lseg_backfill
2026-03-19,TX31,cer,1299.5,1699.897707364036,76.44577637645521,11.532823838110154,10.916506720744511,0.9011490980516346,10.964664793334666,0.9137220661112222,3.0913672099132965,,,lseg_backfill
2026-03-19,TY30P,tasa_fija,119.5,232.75,51.34264232008593,26.767001892478604,23.7257662537409,1.9685549164188296,23.954004693750708,1.996167057812559,2.2638253315699224,,,lseg_backfill
2026-03-19,TZX26,cer,361.35,397.44885510910814,90.91735838584862,40.16617885913217,33.78147553007926,2.814145061608131,34.24539504238426,2.8537829201986886,0.2011887841773989,,,lseg_backfill
2026-03-19,TZX27,cer,338.675,397.44885510910814,85.21222181078532,13.302557104638602,12.49129205400912,1.0317925451613918,12.554372415948922,1.0461977013290769,1.1308784206824989,,,lseg_backfill
2026-03-19,TZX28,cer,303.35,397.4488542941703,76.32428593578902,12.560964683008718,11.834397836317232,0.9772770455942936,11.891008421121896,0.9909173684268248,2.0285607562964065,,,lseg_backfill
2026-03-19,TZXA7,cer,105.225,122.17245542588824,86.12825176770811,14.340902682656465,13.403878001545412,1.107575062004007,13.476529301869622,1.1230441084891352,0.974546504548268,,,lseg_backfill
2026-03-19,TZXD6,cer,259.275,293.8376877313334,88.23748988831707,18.37171202886457,16.869856244521753,1.3958961029447714,16.98504140781294,1.415420117317745,0.6268031023593503,,,lseg_backfill
2026-03-19,TZXD7,cer,241.175,293.8376877313334,82.07762655024537,12.01084050322664,11.344309640610174,0.9366232616153436,11.39632195103122,0.9496934959192682,1.5545576595917572,,,lseg_backfill
2026-03-19,TZXM7,cer,191.025,220.42653392464743,86.66152690369921,14.877741834013214,13.8724618059215,1.1465083173933357,13.950290981475444,1.162524248456287,0.8984941123235027,,,lseg_backfill
2026-03-19,TZXO6,cer,147.875,165.87224680695547,89.14993487252818,20.49532412318669,18.64883869958134,1.5441911230393623,18.78966321894735,1.5658052682456125,0.5112367899645194,,,lseg_backfill
2026-03-20,AE38D,bonares,74.7778,100.96565082872928,74.06261375648197,11.386984470672065,10.785623112095076,0.8902984089897981,10.832631724841324,0.9027193104034436,4.8522233665534245,,,lseg_backfill
2026-03-20,AL29D,bonares,59.1439,70.1353591160221,84.32822009531688,11.43816748664138,10.831576787472263,0.89410799393006,10.878987393381845,0.9065822827818204,1.6850196426920203,,,lseg_backfill
2026-03-20,AL30D,bonares,58.236,72.10441988950276,80.76620003218167,11.613551766769728,10.98888267245668,0.9071497909719728,11.037682351366572,0.9198068626138812,2.113377404002966,,,lseg_backfill
2026-03-20,AL35D,bonares,72.4729,100.79668508287293,71.90008276602975,10.890916293617996,10.339143681108776,0.8532922565194223,10.382335919692132,0.8651946599743443,5.723836131311543,,,lseg_backfill
2026-03-20,AL41D,bonares,66.8694,100.6767955801105,66.41987323363973,10.9945602288634,10.432591378276124,0.8610365212207594,10.476568976924929,0.8730474147437439,6.122948210981581,,,lseg_backfill
2026-03-20,AN29D,bonares,94.5636,100.0,94.5636,7.986475540188133,7.684389469913455,0.6335255166578957,7.708232189510422,0.6423526824592019,3.3730252084578782,,,lseg_backfill
2026-03-20,AO27D,bonares,98.1708,100.3740625,97.8049483650221,7.742917835374162,7.458543258143657,0.6148508220133575,7.481003767678285,0.6234169806398571,1.5299518094460876,,,lseg_backfill
2026-03-20,BPA7D,bopreales,100.125,101.93681318681318,98.22261150788304,6.509767734192971,6.307195955591038,0.5197006662692738,6.323252584130401,0.5269377153442001,1.306820091322369,,,lseg_backfill
2026-03-20,BPA8D,bopreales,89.125,101.16208791208793,88.10118675827607,8.374943560110665,8.043558988229172,0.6632313049968142,8.069685057512554,0.6724737547927129,2.4950499992186743,,,lseg_backfill
2026-03-20,BPB7D,bopreales,99.5,101.93681318681318,97.6094865921035,7.021447622556258,6.786538186794866,0.5593041069488658,6.80513045482849,0.5670942045690408,1.3062957958289398,,,lseg_backfill
2026-03-20,BPB8D,bopreales,87.125,101.16208791208793,86.12416152947885,9.365643181066517,8.953758733949769,0.7385490450274368,8.986139791830094,0.7488449826525079,2.4931451875948096,,,lseg_backfill
2026-03-20,BPC7D,bopreales,98.875,101.93681318681318,96.99636167632394,7.5390422666841985,7.269101689375446,0.599188925639127,7.29043467780901,0.6075362231507508,1.3057670378520112,,,lseg_backfill
2026-03-20,BPD7D,bopreales,98.875,100.0,98.875,5.515566887896461,5.369225821695522,0.4422488229814503,5.3808590236331,0.4484049186360916,1.337922095630164,,,lseg_backfill
2026-03-20,CUAP,cer,38735.436,55133.917422277824,70.25699934093251,10.008861862390637,9.540320495269428,0.7871150614979339,9.577088694970293,0.7980907245808577,9.945583677483876,,,lseg_backfill
2026-03-20,DICP,cer,47352.5,44349.65532623471,106.77084106218292,11.534848656927158,10.918322693839189,0.9012996562310028,10.96649681278974,0.9138747343991448,3.22233194863974,,,lseg_backfill
2026-03-20,DIP0,cer,47415.1375,44349.65532623471,106.9120766581289,11.489147437641842,10.877327226300526,0.897900868581214,10.925139752471493,0.9104283127059576,3.224341023534896,,,lseg_backfill
2026-03-20,GD29D,bonares,86.8306,70.1353591160221,123.8043136791524,-10.057187991299784,-10.59807505794913,-0.8674171880290182,-10.55293824829584,-0.87941152069132,1.8987810702324448,,,lseg_backfill
2026-03-20,GD30D,bonares,83.1542,72.10441988950276,115.32469178370842,-4.768019239260898,-4.885109886898221,-0.4007376477426549,-4.875505517543655,-0.4062921264619712,2.375241399547272,,,lseg_backfill
2026-03-20,GD35D,bonares,72.8479,100.79668508287293,72.27211881036165,10.791017729871257,10.248990421428571,0.8458215555670279,10.291431711219444,0.8576193092682871,5.728799333770834,,,lseg_backfill
2026-03-20,GD38D,bonares,75.9028,100.96565082872928,75.17685408551066,11.04574988499426,10.478713022232355,0.8648589591062406,10.523080854912426,0.8769234045760355,4.881514656561078,,,lseg_backfill
2026-03-20,GD41D,bonares,67.2194,100.6767955801105,66.76752037316504,10.900063018331254,10.347394076792304,0.8539759661039259,10.390655368415924,0.8658879473679937,6.135469827504328,,,lseg_backfill
2026-03-20,GD46D,bonares,68.6079,93.8125414364641,73.13297236112689,9.562189979100417,9.133357231007388,0.7534169999279028,9.167051916664803,0.7639209930554003,6.517141611371232,,,lseg_backfill
2026-03-20,PAP0,cer,32152.3425,55193.37818403811,58.2539854559916,9.686036391398016,9.246359383133228,0.7627729031478125,9.2808940132179,0.773407834434825,6.841658255060697,,,lseg_backfill
2026-03-20,PARP,cer,32254.4545,55193.37818403811,58.43899315684208,9.635243823581554,9.200029721489145,0.7589369823254755,9.23421872976311,0.7695182274802592,6.846340993454799,,,lseg_backfill
2026-03-20,T15E7,tasa_fija,128.725,131.7639002736796,97.69367765574056,31.29327521297128,27.236494661083576,2.2630073214723545,27.537550856705995,2.2947959047254995,0.6276734932463207,,,lseg_backfill
2026-03-20,T30A7,tasa_fija,116.875,112.32393218514903,104.05173476953176,30.66539996276812,26.75676949011752,2.222723301489693,27.04727759983978,2.2539397999866484,0.8506975985167945,,,lseg_backfill
2026-03-20,T30J6,tasa_fija,134.75,134.8967236043842,99.89123264044984,29.68622758686417,26.00403004868368,2.1595443384759827,26.278368780751027,2.1898640650625856,0.2153357264559374,,,lseg_backfill
2026-03-20,T31Y7,tasa_fija,109.525,107.7081766042418,101.68680173877036,31.194561301931017,27.16122452584713,2.256685638415723,27.46061317045898,2.2883844308715817,0.9119591407628864,,,lseg_backfill
2026-03-20,TX26,cer,1300.9805,1423.3603597384445,91.40204664959668,29.33114428902209,25.729658365788445,2.1365251491998416,25.99821929582662,2.1665182746522182,0.3688317975418753,,,lseg_backfill
2026-03-20,TX28,cer,1856.235,2136.958223159643,86.86342015874443,13.792839221803296,12.923228214692717,1.0676543306031403,12.990754091491752,1.082562840957646,1.2765057762712315,,,lseg_backfill
2026-03-20,TX31,cer,1315.5,1700.0142265022473,77.38170536999685,11.103390062402232,10.530621184028476,0.869161135527019,10.575430277634725,0.8812858564695603,3.097005142855796,,,lseg_backfill
2026-03-20,TY30P,tasa_fija,119.0,232.75,51.127819548872175,27.00852648587332,23.91623559816236,1.984508945278196,24.1481648182976,2.012347068191467,2.2553482106633256,,,lseg_backfill
2026-03-20,TZX26,cer,364.6,397.44885510910814,91.735073661216,36.19346673829804,30.903699183919777,2.571461377743933,31.291653677286924,2.607637806440577,0.2050471193483066,,,lseg_backfill
2026-03-20,TZX27,cer,337.275,397.44885510910814,84.85997523062704,13.700632660416968,12.842136559624183,1.0609207042186375,12.908816256835289,1.0757346880696073,1.124511172606524,,,lseg_backfill
2026-03-20,TZX28,cer,305.0,397.4488542941703,76.73943369182678,12.30950642811923,11.61067871642718,0.9587171395041728,11.665166015234709,0.9720971679362256,2.0306648815527457,,,lseg_backfill
2026-03-20,TZXA7,cer,104.775,122.17245542588824,85.75991997112492,14.820496635315658,13.822599065830056,1.142364679495156,13.89986875193605,1.158322395994671,0.9680914576655344,,,lseg_backfill
2026-03-20,TZXD6,cer,259.725,293.8376877313334,88.39063566191555,18.168146721054526,16.697657813025792,1.3815528523891674,16.810498428638976,1.400874869053248,0.6255659693729947,,,lseg_backfill
2026-03-20,TZXD7,cer,238.925,293.8376877313334,81.31189768225305,12.636482751982877,11.901487963049462,0.9828435356882048,11.95874322511532,0.9965619354262768,1.543492132701808,,,lseg_backfill
2026-03-20,TZXM7,cer,190.875,220.42653392464743,86.59347701998999,15.007853073490637,13.985701529626194,1.1559192483292513,14.06480884550758,1.1720674037922985,0.8950970463763528,,,lseg_backfill
2026-03-20,TZXO6,cer,148.675,165.87224680695547,89.63223375941253,19.53935536215881,17.851910677246785,1.477733726958519,17.98092980297623,1.498410816914686,0.5130348699468803,,,lseg_backfill
2026-03-23,GD29D,bonares,87.9583,70.14116022099448,125.4018321380326,-10.70951159575984,-11.325764133852722,-0.9267085202175784,-11.274225845242825,-0.939518820436902,1.897681414468848,,,lseg_backfill
2026-03-23,GD30D,bonares,84.0463,72.10889502762431,116.55469130098662,-5.211985956402051,-5.352329417067536,-0.4389833828543632,-5.340801436867215,-0.4450667864056012,2.3746260863829334,,,lseg_backfill
2026-03-23,GD35D,bonares,73.8194,100.83082872928176,73.21114080912288,10.551487797014117,10.032496464177031,0.8278836056577088,10.073161391563623,0.8394301159636353,5.732360178153532,,,lseg_backfill
2026-03-23,GD38D,bonares,76.9717,101.00708729281769,76.2042566150437,10.748170395764692,10.210298085699176,0.8426154143880593,10.252419105346975,0.8543682587789148,4.898918128627943,,,lseg_backfill
2026-03-23,GD41D,bonares,68.1292,100.70580110497238,67.65171345887451,10.673126050252325,10.142494967976036,0.8369973205281767,10.18405769014823,0.8486714741790191,6.157348889311209,,,lseg_backfill
2026-03-23,GD46D,bonares,69.6794,93.84436464088398,74.24995658145642,9.31552028894383,8.907906447186198,0.7347535305738395,8.939956325049359,0.7449963604207799,6.567002377125543,,,lseg_backfill
2026-03-24,GD29D,bonares,87.7611,70.14309392265193,125.1172354854717,-10.618504454479895,-11.223924959019914,-0.9184128360443244,-11.173308012936678,-0.9311090010780564,1.893891681317276,,,lseg_backfill
2026-03-24,GD30D,bonares,83.7583,72.11038674033149,116.1528925113278,-5.08059539918304,-5.213830288835986,-0.4276475785335409,-5.202890802418603,-0.4335742335348835,2.369560781419027,,,lseg_backfill
2026-03-24,GD35D,bonares,73.2708,100.84220994475136,72.6588598565452,10.700990035669808,10.167675633548924,0.8390837282440833,10.20944525984886,0.850787104987405,5.722159708920805,,,lseg_backfill
2026-03-24,GD38D,bonares,76.5556,101.0208994475138,75.78194256701808,10.87741796670356,10.326966876596178,0.8522831739570691,10.370057300455038,0.8641714417045865,4.884940032285016,,,lseg_backfill
2026-03-24,GD41D,bonares,67.5389,100.71546961325969,67.05911242765846,10.835078672437469,10.288763119617572,0.849117320912951,10.331534889738236,0.8609612408115197,6.1329897493750005,,,lseg_backfill
2026-03-24,GD46D,bonares,69.2008,93.85497237569062,73.73162896793276,9.43474069511565,9.01693460697961,0.7437787803252549,9.04977476401081,0.7541478970009008,6.536014344115208,,,lseg_backfill
2026-03-25,AE38D,bonares,76.3194,101.03471160220997,75.53780160276189,10.954189178704745,10.39620228428717,0.8580207897413539,10.439873215535124,0.8699894346279269,4.875525463309075,,,lseg_backfill
2026-03-25,AL29D,bonares,59.5247,70.14502762430939,84.8594718913065,11.111264452497318,10.537710421882784,0.8697487091476441,10.582579949612914,0.8818816624677428,1.674043638934821,,,lseg_backfill
2026-03-25,AL30D,bonares,59.4905,72.11187845303867,82.49750426171732,10.57037215969963,10.049581665759533,0.8292991150025131,10.090385395820345,0.8408654496516954,2.1148451164588,,,lseg_backfill
2026-03-25,AL35D,bonares,73.0573,100.853591160221,72.43896737790682,10.762971008758711,10.22366513881734,0.8437230298261822,10.265896664783458,0.8554913887319548,5.716303600059593,,,lseg_backfill
2026-03-25,AL41D,bonares,67.7736,100.72513812154696,67.2856858416181,10.777575850552914,10.236853636799491,0.8448158614254186,10.279194335218111,0.8565995279348426,6.137862991029023,,,lseg_backfill
2026-03-25,AN29D,bonares,94.7703,100.0,94.7703,7.950597384677282,7.651152293462027,0.6307770020808956,7.6747890019223775,0.6395657501601981,3.35933782700073,,,lseg_backfill
2026-03-25,AO27D,bonares,98.5268,100.463125,98.07260126538966,7.5594459405535215,7.288076943797739,0.6007575800233811,7.309521558501508,0.6091267965417924,1.5161990101600324,,,lseg_backfill
2026-03-25,BPA7D,bopreales,100.375,102.00549450549453,98.40156207918125,6.376582588854568,6.182051296409474,0.5093636483251451,6.197476567535265,0.5164563806279387,1.2930679305937989,,,lseg_backfill
2026-03-25,BPA8D,bopreales,89.375,101.2032967032967,88.31234051794343,8.301411274108302,7.975671170083465,0.6576158661378173,8.001357638252404,0.6667798031877004,2.481301907154512,,,lseg_backfill
2026-03-25,BPB7D,bopreales,99.75,102.00549450549453,97.7888499865338,6.891779242867517,6.665281271863388,0.5492843887823895,6.683214524343306,0.5569345436952755,1.2925396232048427,,,lseg_backfill
2026-03-25,BPB8D,bopreales,87.375,101.2032967032967,86.33612031054889,9.294122583546084,8.888325497687921,0.7331327205619242,8.92023446696939,0.7433528722474492,2.479394300336521,,,lseg_backfill
2026-03-25,BPC7D,bopreales,99.125,102.00549450549453,97.17613789388632,7.412947284302736,7.151754642091834,0.589488555375195,7.17240379240307,0.5977003160335892,1.2920068161777667,,,lseg_backfill
2026-03-25,BPD7D,bopreales,99.125,100.0,99.125,5.373848047287203,5.234805184070712,0.4311539151076626,5.245862807988644,0.4371552339990536,1.324133675925565,,,lseg_backfill
2026-03-25,CUAP,cer,39026.4585,55158.80413469242,70.75290900923304,9.940522942025256,9.478163716085565,0.7819675457350517,9.514453788569632,0.7928711490474694,9.950990579596423,,,lseg_backfill
2026-03-25,DICP,cer,47762.5,44384.722282942166,107.61022609429727,11.28797588003266,10.69667037752675,0.8829245734929492,10.74290572676082,0.8952421438967351,3.219314943837281,,,lseg_backfill
2026-03-25,DIP0,cer,47849.25,44384.722282942166,107.8056762301503,11.225336963372,10.640352644335938,0.878256321931925,10.686101749566568,0.8905084791305473,3.2220809149217127,,,lseg_backfill
2026-03-25,GD29D,bonares,88.3139,70.14502762430939,125.90186787437236,-10.929194616328031,-11.572021849702963,-0.9467655726651314,-11.518221420579922,-0.9598517850483268,1.89457233251164,,,lseg_backfill
2026-03-25,GD30D,bonares,84.4604,72.11187845303867,117.12411576548108,-5.42014568673862,-5.572143543720765,-0.4569720535837485,-5.559649949823875,-0.4633041624853229,2.3727004723685803,,,lseg_backfill
2026-03-25,GD35D,bonares,73.9823,100.853591160221,73.3561384864006,10.519702285855418,10.003732665957552,0.825500567706472,10.044164447651749,0.8370137039709791,5.728382303200003,,,lseg_backfill
2026-03-25,GD38D,bonares,77.2194,101.03471160220997,76.42858456806934,10.688339099729331,10.156243774436136,0.8381365074796365,10.197919403765177,0.8498266169804314,4.898558894591489,,,lseg_backfill
2026-03-25,GD41D,bonares,68.3986,100.72513812154696,67.90618635584505,10.61232038024427,10.087522963986071,0.83244262113078,10.1286357826047,0.844052981883725,6.159922399891489,,,lseg_backfill
2026-03-25,GD46D,bonares,69.7623,93.86558011049723,74.32149241274256,9.303957684131918,8.897326031268694,0.7338777351810988,8.92929973161607,0.7441083109680058,6.564191155159324,,,lseg_backfill
2026-03-25,PAP0,cer,32339.9885,55206.759709195816,58.57976209861329,9.612966461877152,9.179703014442486,0.757254052385159,9.213740934271808,0.7678117445226507,6.834506801980989,,,lseg_backfill
2026-03-25,PARP,cer,32426.145,55206.759709195816,58.73582360349753,9.570329453451471,9.140787905317914,0.7540321895816993,9.174537504761116,0.7645447920634263,6.838440802137046,,,lseg_backfill
2026-03-25,T15E7,tasa_fija,127.375,132.20465945047877,96.3468311400266,33.62561746780453,28.998693837121504,2.411116449371886,29.3401235193671,2.445010293280592,0.6064734055850922,,,lseg_backfill
2026-03-25,T30A7,tasa_fija,114.375,112.7911126159727,101.40426612282836,33.709517321519705,29.061511308447365,2.416399951260595,29.404427423601565,2.450368951966797,0.8210920117226959,,,lseg_backfill
2026-03-25,T30J6,tasa_fija,133.8,135.37038567460925,98.8399341061316,34.98425698080882,30.011128225794103,2.4963031936385383,30.37691124692934,2.531409270577445,0.1967425922784247,,,lseg_backfill
2026-03-25,T31Y7,tasa_fija,107.475,108.1299425840688,99.39430044221136,33.72681312616419,29.074456130663616,2.417488757416475,29.41767895989411,2.4514732466578426,0.8844535455467738,,,lseg_backfill
2026-03-25,TX26,cer,1301.074,1423.7507278915186,91.38355292901625,30.585826230641604,26.69580747910938,2.21760522981116,26.98498873360391,2.248749061133659,0.3543424827380969,,,lseg_backfill
2026-03-25,TX28,cer,1813.71,2137.616969417956,84.8472867659658,16.071182813692513,14.9063891992387,1.2324655889007108,14.996276220868232,1.249689685072353,1.2483350223164966,,,lseg_backfill
2026-03-25,TX31,cer,1315.6,1700.5968221933035,77.36107599585166,11.152576958711132,10.574895466978427,0.8728307521271406,10.620082657562955,0.8850068881302464,3.0821502725210927,,,lseg_backfill
2026-03-25,TY30P,tasa_fija,118.2,232.75,50.784103114930176,27.51375849267741,24.313502555146304,2.0177924511478373,24.553225594311545,2.0461021328592954,2.230638881235148,,,lseg_backfill
2026-03-25,TZX26,cer,364.25,397.44885510910814,91.64701201617645,38.88077657506969,32.85934770371735,2.736321395297714,33.298180375771835,2.774848364647653,0.1912226680330114,,,lseg_backfill
2026-03-25,TZX27,cer,333.375,397.44885510910814,83.87871690018619,14.910499944558214,13.900984217340874,1.148878628844319,13.979134341935495,1.164927861827958,1.1007584722591155,,,lseg_backfill
2026-03-25,TZX28,cer,300.5,397.4488542941703,75.60721253899655,13.127600742457926,12.336704959255318,1.0189608385591464,12.398231197148313,1.0331859330956927,2.0038791920516474,,,lseg_backfill
2026-03-25,TZXA7,cer,105.675,122.17245542588824,86.49658356429133,14.125940396833233,13.21563122354863,1.0919382680192102,13.286252738971791,1.1071877282476494,0.9619882752531838,,,lseg_backfill
2026-03-25,TZXD6,cer,259.675,293.8376877313334,88.37361946484904,18.57239800856944,17.03933017506354,1.4100143317676173,17.156846432995643,1.429737202749637,0.6118881550641925,,,lseg_backfill
2026-03-25,TZXD7,cer,235.425,293.8376877313334,80.12076388759829,13.71164310161743,12.85182321048106,1.0617250340618334,12.918603704948062,1.0765503087456718,1.5168596186336258,,,lseg_backfill
2026-03-25,TZXM7,cer,191.175,220.42653392464743,86.72957678740845,15.046774782071182,14.019551438223864,1.1587325522586012,14.099042847375554,1.174920237281296,0.8828953649070936,,,lseg_backfill
2026-03-25,TZXO6,cer,148.675,165.87224680695547,89.63223375941253,20.02744596768577,18.25959047781256,1.5117256933402157,18.39458395816296,1.5328819965135798,0.4995435148585547,,,lseg_backfill
2026-03-26,AE38D,bonares,76.57329999999999,101.04852375690608,75.77874188861334,10.885200750457235,10.333987885395857,0.8528649984445913,10.37713699977969,0.8647614166483075,4.87871111868595,,,lseg_backfill
2026-03-26,AL29D,bonares,59.4667,70.14696132596686,84.77444906510402,11.1955851332296,10.61359212893398,0.8760381805218875,10.659111088782591,0.8882592573985493,1.6705135796500366,,,lseg_backfill
2026-03-26,AL35D,bonares,72.6488,100.8649723756906,72.02579675470076,10.877293025419975,10.326854160492394,0.8522738333047064,10.369943642455226,0.8641619702046022,5.707846390915658,,,lseg_backfill
2026-03-26,AL41D,bonares,67.6333,100.73480662983424,67.13995118740745,10.820155243415655,10.275293883899694,0.8480011807952215,10.317953591188722,0.8598294659323935,6.129418593423114,,,lseg_backfill
2026-03-26,AN29D,bonares,94.8113,100.0,94.8113,7.943521522964307,7.644595983021141,0.6302348432116522,7.6681921598313885,0.6390160133192824,3.356599783639161,,,lseg_backfill
2026-03-26,AO27D,bonares,98.5645,100.4809375,98.0927352514003,7.546644302826314,7.276171942138476,0.5997734095313234,7.297546488843487,0.6081288740702906,1.5134307272333454,,,lseg_backfill
2026-03-26,BPA7D,bopreales,100.375,102.01923076923076,98.38831291234683,6.390739983025223,6.195361417959844,0.5104630228786711,6.210853236182423,0.5175711030152019,1.2902756136989473,,,lseg_backfill
2026-03-26,BPA8D,bopreales,89.375,101.21153846153848,88.30514915447463,8.311091361779773,7.984610824040339,0.6583553052042834,8.010354966401323,0.6675295805334436,2.4785055989244107,,,lseg_backfill
2026-03-26,BPB7D,bopreales,99.75,102.01923076923076,97.77568331762488,6.907123466708666,6.679637780437675,0.5504706474153132,6.697648436994275,0.5581373697495229,1.2897461352642947,,,lseg_backfill
2026-03-26,BPC7D,bopreales,99.125,102.01923076923076,97.16305372290292,7.429498519859641,7.167165453528912,0.5907624223203456,7.18790377352434,0.5989919811270283,1.2892121441335245,,,lseg_backfill
2026-03-26,BPD7D,bopreales,99.125,100.0,99.125,5.385443965961504,5.245810709289311,0.432062252584009,5.256914908363264,0.4380762423636053,1.321347672691184,,,lseg_backfill
2026-03-26,CUAP,cer,39071.815,55163.78147717535,70.82874660462937,9.930558443847389,9.469097417394876,0.7812167411416882,9.505318011529695,0.7921098342941413,9.951026306364694,,,lseg_backfill
2026-03-26,DIP0,cer,47901.323,44391.73567428366,107.90594752020355,11.197850742892998,10.615630200348836,0.8762071117311088,10.66116666752075,0.8884305556267291,3.220517809251613,,,lseg_backfill
2026-03-26,GD29D,bonares,88.3167,70.14696132596686,125.90238882850528,-10.945821889347052,-11.590685146620594,-0.9482854897868044,-11.536711300514924,-0.9613926083762436,1.891979935754044,,,lseg_backfill
2026-03-26,GD30D,bonares,84.2125,72.11337016574586,116.77792870648732,-5.3089048103255045,-5.454614587042772,-0.447354365156094,-5.442642105660989,-0.4535535088050824,2.3679819557928474,,,lseg_backfill
2026-03-26,GD35D,bonares,73.9938,100.8649723756906,73.35926264312663,10.522065236114369,10.005871264455957,0.8256777455409647,10.046320357483474,0.8371933631236228,5.725487245344622,,,lseg_backfill
2026-03-26,GD38D,bonares,77.2833,101.04852375690608,76.48137461752688,10.676017203503072,10.1451079952416,0.8372138275692054,10.18669216415118,0.8488910136792649,4.896852169229656,,,lseg_backfill
2026-03-26,GD41D,bonares,68.3583,100.73480662983424,67.8596626995009,10.627945261940166,10.101651678712798,0.8336132352608328,10.142879895619394,0.8452399913016162,6.1550543739130905,,,lseg_backfill
2026-03-26,GD46D,bonares,69.0188,93.87618784530387,73.52109367045696,9.487327728116757,9.064988291171083,0.7477568678202262,9.098179823413144,0.7581816519510953,6.518065397779985,,,lseg_backfill
2026-03-26,PARP,cer,32463.617,55209.43601422737,58.80084881076159,9.55583436722869,9.12755469445925,0.7529366072285271,9.161206529671697,0.7634338774726412,6.837000889053983,,,lseg_backfill
2026-03-26,T30J6,tasa_fija,133.8,135.46531748209333,98.77066874898554,35.40672560661492,30.32387396830693,2.522631624234273,30.69735077358597,2.558112564465498,0.194106809973582,,,lseg_backfill
2026-03-26,T31Y7,tasa_fija,107.475,108.21449376067568,99.3166407428647,33.81701723996569,29.14194118798774,2.4231651962697054,29.48676524267721,2.457230436889768,0.8818113821337767,,,lseg_backfill
2026-03-26,TX26,cer,1302.385,1423.8288015221333,91.4706177180638,30.48393661958493,26.617695002704387,2.211047651152409,26.905180586794053,2.2420983822328377,0.3516132407746152,,,lseg_backfill
2026-03-26,TX28,cer,1815.7965,2137.7487186696176,84.93966031377262,16.002254040653405,14.84696243329886,1.227523133884234,14.936132807256186,1.2446777339380155,1.2459845799549958,,,lseg_backfill
2026-03-26,TX31,cer,1315.6,1700.713341331515,77.3557758399188,11.1630197282466,10.584292735152156,0.8736096491304579,10.629560382175018,0.8857966985145849,3.079167477629184,,,lseg_backfill
2026-03-26,TY30P,tasa_fija,118.2,232.75,50.784103114930176,27.54749067316176,24.339970443007065,2.0200103358425814,24.580217350238165,2.0483514458531804,2.227378765261429,,,lseg_backfill
2026-03-26,TZX26,cer,364.25,397.44885510910814,91.64701201617645,39.356744367343744,33.20178820635733,2.765215268028154,33.64985501197344,2.80415458433112,0.1886049195235598,,,lseg_backfill
2026-03-26,TZX27,cer,333.375,397.44885510910814,83.87871690018619,14.945148658503893,13.931143949901026,1.151385065776056,14.00963416847425,1.1674695140395208,1.0980447870990004,,,lseg_backfill
2026-03-26,TZX28,cer,300.5,397.4488542941703,75.60721253899655,13.144474866970176,12.35162490133057,1.0201992194277976,12.41330028733758,1.034441690611465,2.001160554786602,,,lseg_backfill
2026-03-26,TZXA7,cer,105.675,122.17245542588824,86.49658356429133,14.163645958154492,13.248676297102913,1.094683001110619,13.319652035318796,1.109971002943233,0.959272372270112,,,lseg_backfill
2026-03-26,TZXD6,cer,259.675,293.8376877313334,88.37361946484904,18.64893492680308,17.103888212435912,1.4153929162104897,17.22229862824065,1.4351915523533876,0.6091859216846575,,,lseg_backfill
2026-03-26,TZXM7,cer,191.175,220.42653392464743,86.72957678740845,15.090366673733552,14.05744941337983,1.1618823852894034,14.137371956746492,1.1781143297288743,0.8801820869253256,,,lseg_backfill
2026-03-27,AE38D,bonares,75.875,101.06233591160222,75.07742554690877,11.1006855648799,10.528186235249535,0.8689593216953506,10.57297458090476,0.8810812150753966,4.857338622395253,,,lseg_backfill
2026-03-27,AL29D,bonares,59.0325,70.1488950276243,84.15314307766826,11.705713235078951,11.071445477231489,0.91399549749005,11.120982267144264,0.926748522262022,1.6631985007567889,,,lseg_backfill
2026-03-27,AL30D,bonares,59.1215,72.11486187845304,81.982407592553,10.926813522425064,10.371519283790542,0.8559752456503533,10.414982812583062,0.8679152343819219,2.104022610087368,,,lseg_backfill
2026-03-27,AL35D,bonares,71.8031,100.87635359116022,71.1793174949695,11.110917713995834,10.537398267083107,0.8697228369137111,10.582265132904745,0.881855427742062,5.693456178287058,,,lseg_backfill
2026-03-27,AL41D,bonares,66.9125,100.74447513812154,66.4180342477961,11.01973738313993,10.455278528361143,0.8629167537420379,10.4994478664044,0.8749539888670332,6.100173441286065,,,lseg_backfill
2026-03-27,AN29D,bonares,94.794,100.0,94.794,7.956229520019176,7.656370578070004,0.6312085180287585,7.68003957130432,0.6400032976086933,3.3537506426740094,,,lseg_backfill
2026-03-27,AO27D,bonares,98.5707,100.49875,98.0815184268461,7.556554358241634,7.285388013569927,0.6005352889604687,7.306816792280646,0.6089013993567205,1.510645599271336,,,lseg_backfill
2026-03-27,BPA7D,bopreales,99.875,102.03296703296704,97.8850296176629,6.818543695847273,6.5967316073550775,0.5436204104415365,6.614297571767658,0.5511914643139715,1.2870590692732755,,,lseg_backfill
2026-03-27,BPA8D,bopreales,88.875,101.21978021978022,87.80398436651829,8.566557558614587,8.220248775472893,0.6778478755496975,8.2475365065803,0.6872947088816916,2.475238280629367,,,lseg_backfill
2026-03-27,BPB7D,bopreales,99.25,102.03296703296704,97.27248249865372,7.340920287244064,7.084662908438788,0.5839428940328961,7.1049260970533545,0.5920771747544462,1.286524799428336,,,lseg_backfill
2026-03-27,BPB8D,bopreales,86.875,101.21978021978022,85.82808598414938,9.569856949459234,9.140356562877038,0.7539964784017528,9.174102973405684,0.7645085811171404,2.4733062864357747,,,lseg_backfill
2026-03-27,BPC7D,bopreales,98.625,102.03296703296704,96.65993537964458,7.869396589725786,7.575887963287009,0.6245533628853606,7.599061477693159,0.6332551231410966,1.2859859481146023,,,lseg_backfill
2026-03-27,BPD7D,bopreales,98.625,100.0,98.625,5.802125510750628,5.64047808972401,0.4646412469143213,5.653317301158545,0.4711097750965454,1.318274883693645,,,lseg_backfill
2026-03-27,CUAP,cer,39135.943,55168.75881965826,70.93859611366625,9.915309444154785,9.455221375081813,0.7800676392053951,9.491335761282205,0.7909446467735171,9.952554115039035,,,lseg_backfill
2026-03-27,DICP,cer,47762.5,44398.749065625154,107.57622907213656,11.30824468091391,10.7148869904653,0.8844346173860318,10.761280172572896,0.896773347714408,3.212865016955952,,,lseg_backfill
2026-03-27,DIP0,cer,47969.3125,44398.749065625154,108.04203611479517,11.158924778157624,10.580607865133596,0.8733042262484947,10.625843954909886,0.8854869962424905,3.2194612430658105,,,lseg_backfill
2026-03-27,GD29D,bonares,87.775,70.1488950276243,125.12670365717752,-10.670333152018468,-11.281909831992342,-0.9231362892396456,-11.230769310506528,-0.9358974425422106,1.886134547852581,,,lseg_backfill
2026-03-27,GD30D,bonares,83.8188,72.11486187845304,116.22957850390604,-5.127069326699306,-5.2627967116910535,-0.4316554993095578,-5.251650922467821,-0.4376375768723184,2.362036238486488,,,lseg_backfill
2026-03-27,GD35D,bonares,73.1781,100.87635359116022,72.54237231510376,10.74194572887344,10.204675796298355,0.8421495459932204,10.24675037946574,0.8538958649554784,5.711792346901634,,,lseg_backfill
2026-03-27,GD38D,bonares,76.525,101.06233591160222,75.72059294862858,10.906082708584115,10.352823500050734,0.8544259043888225,10.396130264288583,0.8663441886907153,4.874127263458501,,,lseg_backfill
2026-03-27,GD41D,bonares,67.5875,100.74447513812154,67.08804617557138,10.83757517799568,10.291016179989064,0.8493040239170968,10.333806709760209,0.8611505591466839,6.124324534818833,,,lseg_backfill
2026-03-27,GD46D,bonares,69.1781,93.8867955801105,73.68245936242718,9.452844003925836,9.033479889991147,0.7451484517856155,9.06644081687258,0.7555367347393815,6.523411088352586,,,lseg_backfill
2026-03-27,PAP0,cer,32430.0005,55212.11231925892,58.737112451841234,9.576446674560415,9.146372065523378,0.7544945076964682,9.18016296223163,0.7650135801859692,6.832320707859304,,,lseg_backfill
2026-03-27,PARP,cer,32516.256,55212.11231925892,58.893338135620986,9.533880106840227,9.107508345324922,0.7512769846097056,9.141012353009348,0.7617510294174457,6.836249868819888,,,lseg_backfill
2026-03-27,T15E7,tasa_fija,127.375,132.38137566879226,96.2182175222912,33.88937606886572,29.19604273957988,2.427716114411038,29.54215317933677,2.4618460982780643,0.6011889479586675,,,lseg_backfill
2026-03-27,T30A7,tasa_fija,118.475,112.97852840677054,104.86505858302546,29.656085338153627,25.98076834994878,2.157592537838249,26.254614828346234,2.187884569028853,0.8425385212091155,,,lseg_backfill
2026-03-27,T30J6,tasa_fija,133.8,135.5603158628388,98.7014519318324,35.83945261256262,30.64320659438968,2.5495213156969454,31.02462250493634,2.585385208744695,0.1914729629538389,,,lseg_backfill
2026-03-27,T31Y7,tasa_fija,107.475,108.29911105126814,99.2390417213323,33.9077021793188,29.209740254839467,2.4288683539763323,29.55617676639184,2.4630147305326533,0.8791696215429694,,,lseg_backfill
2026-03-27,TX26,cer,1303.918,1423.9068751527482,91.57326386672044,30.317803850155222,26.490200719806342,2.2003453204680667,26.774929434458805,2.2312441195382338,0.3489146857166462,,,lseg_backfill
2026-03-27,TX28,cer,1818.7095,2137.88046792128,85.07068226168796,15.890947174154046,14.750925116215118,1.2195363149803962,14.83894342968819,1.2365786191406825,1.2438974877623832,,,lseg_backfill
2026-03-27,TX31,cer,1315.6,1700.8298604697263,77.35047641018393,11.173482752727764,10.593707347505532,0.8743899895445884,10.639055671425355,0.8865879726187798,3.0761843091207552,,,lseg_backfill
2026-03-27,TY30P,tasa_fija,118.2,232.75,50.784103114930176,27.581313537011376,24.366502477426778,2.022233642496629,24.60727509983185,2.0506062583193208,2.2241174034090645,,,lseg_backfill
2026-03-27,TZX26,cer,364.25,397.44885510910814,91.64701201617645,39.84441567011183,33.551441294679464,2.79472581745015,34.009036793816705,2.8340863994847254,0.1859894251273549,,,lseg_backfill
2026-03-27,TZX27,cer,333.375,397.44885510910814,83.87871690018619,14.979958534823073,13.96143483681267,1.1539024627740035,14.040267374232409,1.170022281186034,1.0953312021758457,,,lseg_backfill
2026-03-27,TZX28,cer,300.5,397.4488542941703,75.60721253899655,13.161392375022062,12.366580975296635,1.0214406140336862,12.428406052405183,1.0357005043670986,1.998441962145992,,,lseg_backfill
2026-03-27,TZXA7,cer,105.675,122.17245542588824,86.49658356429133,14.20155307098354,13.281887040253126,1.0974415673457472,13.353219673023986,1.1127683060853322,0.9565565744860848,,,lseg_backfill
2026-03-27,TZXD6,cer,259.675,293.8376877313334,88.37361946484904,18.72610384345298,17.16893730088398,1.4208126909678764,17.28825211873124,1.4406876765609369,0.6064839438891848,,,lseg_backfill
2026-03-27,TZXD7,cer,235.425,293.8376877313334,80.12076388759829,13.758185895185616,12.892759811577337,1.0651242679542203,12.959967127226337,1.0799972606021946,1.5114255565776609,,,lseg_backfill
2026-03-27,TZXM7,cer,191.175,220.42653392464743,86.72957678740845,15.13421148757288,14.095552837267268,1.16504938946278,14.175910031873329,1.181325835989444,0.8774689359476697,,,lseg_backfill
2026-03-27,TZXO6,cer,148.675,165.87224680695547,89.63223375941253,20.22956101668015,18.42792411014393,1.5257644070263865,18.565424069822978,1.547118672485248,0.4941493720710176,,,lseg_backfill
2026-03-30,AE38D,bonares,75.2639,101.1037723756906,74.44222725965906,11.306632223773192,10.713437913494772,0.8843144971193428,10.759818530595313,0.8966515442162759,4.831321688626613,,,lseg_backfill
2026-03-30,AL29D,bonares,58.9094,70.15469613259668,83.97071507323987,11.909184898273306,11.253485177595945,0.9290909309512818,11.30466677526405,0.9420555646053376,1.6530620379633152,,,lseg_backfill
2026-03-30,AL30D,bonares,58.748,72.11933701657459,81.45942881657166,11.30917680074793,10.715724654893233,0.8845040550818251,10.762125101202624,0.896843758433552,2.090062145950442,,,lseg_backfill
2026-03-30,AL35D,bonares,71.3146,100.91049723756906,70.67114121151067,11.26169848830107,10.673048609252668,0.8809665083814311,10.71907969570045,0.8932566413083709,5.6776239101828985,,,lseg_backfill
2026-03-30,AL41D,bonares,66.5972,100.77348066298345,66.08603728070175,11.121851695310156,10.547241225361326,0.8705386509985091,10.592192065359995,0.882682672113333,6.078358076659766,,,lseg_backfill
2026-03-30,AN29D,bonares,94.8121,100.0,94.8121,7.9706566472532545,7.66973635797541,0.632313783492533,7.693488144056815,0.6411240120047346,3.345336283526419,,,lseg_backfill
2026-03-30,AO27D,bonares,97.489,100.5521875,96.95363415142012,8.393924759334913,8.061075697975983,0.6646802740736701,8.087315801671302,0.6739429834726085,1.5016006747243134,,,lseg_backfill
2026-03-30,BPA7D,bopreales,99.75,102.07417582417582,97.72305207912798,6.976806157177955,6.744809116558947,0.5558558357262822,6.763173248201326,0.5635977706834439,1.277237605122849,,,lseg_backfill
2026-03-30,BPA8D,bopreales,88.75,101.24450549450547,87.65907795837518,8.668384853322488,8.314018557254554,0.6856057651646541,8.341933070684071,0.6951610892236726,2.4640762141720747,,,lseg_backfill
2026-03-30,BPB7D,bopreales,99.125,102.07417582417582,97.1107522540708,7.504654957988937,7.237113639764203,0.5965445775073075,7.258259111839838,0.6048549259866531,1.2767016622414022,,,lseg_backfill
2026-03-30,BPB8D,bopreales,86.75,101.24450549450547,85.68366211705968,9.678643375845777,9.239617287993052,0.7622146743837099,9.274101513348931,0.7728417927790776,2.4621329626036514,,,lseg_backfill
2026-03-30,BPC7D,bopreales,98.5,102.07417582417582,96.4984524290136,8.038697464406566,7.73274768062604,0.6375245794165263,7.756891734344951,0.6464076445287459,1.276161100741288,,,lseg_backfill
2026-03-30,BPD7D,bopreales,98.5,100.0,98.5,5.949102021609459,5.779319813134509,0.4761047794116901,5.7927993705210845,0.482733280876757,1.3084688707812,,,lseg_backfill
2026-03-30,CUAP,cer,39244.3645,55183.69084710702,71.11587481296093,9.893328196608625,9.435215850272073,0.7784109652455351,9.471177388316931,0.7892647823597443,9.950427200947924,,,lseg_backfill
2026-03-30,DICP,cer,47762.5,44419.78923964963,107.52527379703687,11.338795287341243,10.742338140509066,0.8867101882304551,10.78896967501688,0.8990808062514066,3.2031842191580457,,,lseg_backfill
2026-03-30,DIP0,cer,48102.2045,44419.78923964963,108.2900331662614,11.093337383574848,10.521570125531676,0.8684109661535322,10.566302120300186,0.8805251766916822,3.214030660345343,,,lseg_backfill
2026-03-30,GD29D,bonares,87.6778,70.15469613259668,124.9778059536935,-10.662355549924454,-11.272982471759397,-0.9224090798137908,-11.221922734964672,-0.9351602279137228,1.8777125054232973,,,lseg_backfill
2026-03-30,GD30D,bonares,83.4208,72.11933701657459,115.67050315621744,-4.9526241958469726,-5.079119179278169,-0.4166206170631681,-5.068737320126049,-0.4223947766771707,2.350668868850815,,,lseg_backfill
2026-03-30,GD35D,bonares,72.5646,100.91049723756906,71.9098626866979,10.92221156864672,10.367369379443936,0.8556313362819701,10.410798086676998,0.8675665072230831,5.694503216954982,,,lseg_backfill
2026-03-30,GD38D,bonares,75.8889,101.1037723756906,75.06040399561465,11.1165909026259,10.542505489758105,0.8701461381444675,10.587415917489729,0.8822846597908107,4.847636511258009,,,lseg_backfill
2026-03-30,GD41D,bonares,67.0472,100.77348066298345,66.53258333333333,10.99897000038382,10.436565396956698,0.8613658716947414,10.48057655162875,0.8733813793023959,6.094586950053605,,,lseg_backfill
2026-03-30,GD46D,bonares,68.8646,93.9186187845304,73.3236933115363,9.541975629390008,9.114900801556637,0.7518889975918874,9.14845928537158,0.7623716071142983,6.494107528738255,,,lseg_backfill
2026-03-30,PAP0,cer,32081.002,55220.14123435354,58.09655912296322,9.76258054358299,9.31613755723182,0.7685505385694347,9.351196024694186,0.7792663353911822,6.806796323278403,,,lseg_backfill
2026-03-30,PARP,cer,32167.482,55220.14123435354,58.25316864634886,9.719205772886614,9.276602779128783,0.7652770181466595,9.31136396655088,0.7759469972125732,6.810791177425737,,,lseg_backfill
2026-03-30,T15E7,tasa_fija,127.375,132.64689299659707,96.02561893648551,34.29281539720512,29.497154459605323,2.4530486230237125,29.85046859646454,2.4875390497053784,0.5932667184755608,,,lseg_backfill
2026-03-30,T30A7,tasa_fija,118.475,113.26023615500756,104.6042318310687,29.911439982026344,26.17766291652046,2.174114350597645,26.455690048335523,2.2046408373612936,0.8345599986069843,,,lseg_backfill
2026-03-30,T30J6,tasa_fija,133.8,135.8457109116687,98.49409238028952,37.20303701722095,31.642874601325865,2.6337433451746106,32.04968806957318,2.6708073391310982,0.1835835983605366,,,lseg_backfill
2026-03-30,T31Y7,tasa_fija,107.475,108.55336012413328,99.00660824971226,34.18268049254849,29.415043583042923,2.4461400400149547,29.76638591263168,2.480532159385973,0.8712467822330678,,,lseg_backfill
2026-03-30,TX26,cer,1307.53,1424.1410960445924,91.81182985530944,30.093634404487585,26.317910542007827,2.1858843815777185,26.59893499088577,2.2165779159071475,0.3406884166193225,,,lseg_backfill
2026-03-30,TX28,cer,1823.748,2138.2757156762677,85.29059122869978,15.745573656508077,14.625355938543638,1.2090944361205391,14.711879271088256,1.2259899392573548,1.236467386593333,,,lseg_backfill
2026-03-30,TX31,cer,1315.6,1701.17941788436,77.334582476675,11.204993965721544,10.622055748548242,0.8767397129268995,10.667647434170746,0.8889706195142288,3.067232551320621,,,lseg_backfill
2026-03-30,TY30P,tasa_fija,118.2,232.75,50.784103114930176,27.683330198406,24.446486043438465,2.028936314127927,24.688846987571544,2.057403915630962,2.2143257943917387,,,lseg_backfill
2026-03-30,TZX26,cer,364.25,397.44885510910814,91.64701201617645,41.38209940626296,34.6460291193913,2.8871614661607925,35.13410817084397,2.927842347570331,0.1781571171130843,,,lseg_backfill
2026-03-30,TZX27,cer,333.375,397.44885510910814,83.87871690018619,15.08536644500755,14.053103034961657,1.1615211377910883,14.132976073730765,1.1777480061442305,1.0871910551001662,,,lseg_backfill
2026-03-30,TZX28,cer,300.5,397.4488542941703,75.60721253899655,13.21240687807268,12.411667305809226,1.0251829906910093,12.473944740649756,1.0394953950541463,1.9902864535301528,,,lseg_backfill
2026-03-30,TZXA7,cer,105.675,122.17245542588824,86.49658356429133,14.31649998836654,13.382525840327064,1.105801318631161,13.454945458394452,1.1212454548662043,0.9484098199425672,,,lseg_backfill
2026-03-30,TZXD6,cer,259.675,293.8376877313334,88.37361946484904,18.961481676712094,17.367087545947513,1.4373239436932694,17.489178620949364,1.4574315517457803,0.598379571791847,,,lseg_backfill
2026-03-30,TZXD7,cer,235.425,293.8376877313334,80.12076388759829,13.828594779324035,12.954656039595449,1.070264126729259,13.022511300541415,1.085209275045118,1.5032749418324365,,,lseg_backfill
2026-03-30,TZXM7,cer,191.175,220.42653392464743,86.72957678740845,15.267285634763116,14.21111264466446,1.174654844512113,14.29279528133982,1.191066273444985,0.8693302549566958,,,lseg_backfill
2026-03-30,TZXO6,cer,148.675,165.87224680695547,89.63223375941253,20.540479468182237,18.68632561159145,1.5473182662427032,18.8277182345181,1.5689765195431749,0.4860608411640866,,,lseg_backfill
2026-03-31,AE38D,bonares,75.3889,101.11758453038674,74.55567728414732,11.268420529695238,10.679091842937584,0.8814674430404956,10.72517514343554,0.8937645952862949,4.834596230796026,,,lseg_backfill
2026-03-31,AL29D,bonares,59.5344,70.15662983425415,84.85926439261793,11.198353471605484,10.616082433724806,0.876244596387199,10.661622786100189,0.8884685655083491,1.6593777813951605,,,lseg_backfill
2026-03-31,AL30D,bonares,58.998,72.12082872928177,81.80438444691114,11.083435611279956,10.51265413916358,0.8676719970940994,10.557310250748042,0.8797758542290035,2.093381456503636,,,lseg_backfill
2026-03-31,AL35D,bonares,71.8146,100.92187845303869,71.15860416075888,11.124949083381509,10.550029371886872,0.8707697421554306,10.595004012976084,0.8829170010813403,5.684425149538974,,,lseg_backfill
2026-03-31,AL41D,bonares,66.7972,100.78314917127072,66.27814327024547,11.067078155876752,10.49792343870326,0.866451108099664,10.542454320105588,0.878537860008799,6.0855847331495605,,,lseg_backfill
2026-03-31,AN29D,bonares,94.8361,100.0,94.8361,7.962488208260843,7.662169057838453,0.6316880141910675,7.685873951330091,0.6404894959441743,3.345382160347264,,,lseg_backfill
2026-03-31,AO27D,bonares,97.5897,100.57,97.03659142885552,8.319427063009915,7.992308285744265,0.6589920011593531,8.018102140229377,0.6681751783524481,1.5016560609282137,,,lseg_backfill
2026-03-31,BPA7D,bopreales,99.875,102.08791208791209,97.83234660925727,6.87196976985161,6.646743904750063,0.5477526915483866,6.6645774587666295,0.5553814548972191,1.277344245673106,,,lseg_backfill
2026-03-31,BPA8D,bopreales,88.875,101.25274725274726,87.7753961363143,8.606333599017162,8.256887804083512,0.6808790769087025,8.284419591325332,0.690368299277111,2.4641950772797054,,,lseg_backfill
2026-03-31,BPB7D,bopreales,99.25,102.08791208791209,97.22012917115178,7.398593313349888,7.138387780332045,0.5883836551690891,7.158959743487081,0.5965799786239234,1.2768092180372332,,,lseg_backfill
2026-03-31,BPB8D,bopreales,86.875,101.25274725274726,85.80014108964619,9.614522345499156,9.18112279528971,0.7573716008772768,9.215171257462629,0.7679309381218857,2.4622567502710444,,,lseg_backfill
2026-03-31,BPC7D,bopreales,98.625,102.08791208791209,96.60791173304628,7.931388015006934,7.633352390722936,0.6293050870247008,7.6568791398415215,0.6380732616534601,1.2762695859545499,,,lseg_backfill
2026-03-31,BPD7D,bopreales,98.625,100.0,98.625,5.846463621847138,5.682382445534984,0.4681009666368974,5.695413278071637,0.4746177731726364,1.308540737514489,,,lseg_backfill
2026-03-31,CUAP,cer,39289.974,55188.668189589946,71.19210390261082,9.88335470419526,9.426137481091335,0.77765918671302,9.462029764886992,0.7885024804072494,9.953243208658188,,,lseg_backfill
2026-03-31,DICP,cer,47762.5,44426.802630991115,107.5082994306729,11.349018374938973,10.751522385917035,0.887471529927808,10.798233801971246,0.8998528168309372,3.2027334800921676,,,lseg_backfill
2026-03-31,DIP0,cer,48154.5525,44426.802630991115,108.39076784339301,11.065704665129081,10.496686443656532,0.8663485858831699,10.541206817010895,0.8784339014175746,3.215254612680377,,,lseg_backfill
2026-03-31,GD29D,bonares,87.7278,70.15662983425415,125.04563033779978,-10.689473768604646,-11.303332440728951,-0.9248813218923568,-11.25199780392392,-0.9376664836603266,1.878014081925356,,,lseg_backfill
2026-03-31,GD30D,bonares,83.6708,72.12082872928177,116.01475118106735,-5.073487375499341,-5.206343154873949,-0.4270347399577878,-5.195435043229502,-0.4329529202691251,2.352770444659805,,,lseg_backfill
2026-03-31,GD35D,bonares,72.9396,100.92187845303869,72.27332776404921,10.821897266799663,10.276866251422655,0.8481314758037151,10.319539033071568,0.8599615860892973,5.699487548147743,,,lseg_backfill
2026-03-31,GD38D,bonares,76.1389,101.11758453038674,75.29738803948544,11.041279860249428,10.474686395559928,0.8645252375311996,10.519020090192743,0.8765850075160619,4.8541221497278775,,,lseg_backfill
2026-03-31,GD41D,bonares,67.2972,100.78314917127072,66.77425795222499,10.931256731840906,10.375525874314896,0.8563072794426807,10.4190230353999,0.8682519196166583,6.103554809776613,,,lseg_backfill
2026-03-31,GD46D,bonares,69.1896,93.92922651933702,73.66141781839977,9.462698910665203,9.042485506357,0.7458939730849323,9.07551226178116,0.7562926884817633,6.512754856077156,,,lseg_backfill
2026-03-31,PAP0,cer,32118.1095,54738.36269326769,58.6756854237261,9.507322411941544,9.083253262180403,0.7492689593030954,9.116578841997303,0.7597149034997752,6.9333545465780135,,,lseg_backfill
2026-03-31,PARP,cer,32204.655,54738.36269326769,58.83379300265565,9.464837413219653,9.044439607187261,0.7460557421490988,9.077480655234993,0.7564567212695827,6.937061199956915,,,lseg_backfill
2026-03-31,T15E7,tasa_fija,127.375,132.73551706385317,95.96150511752295,34.429424700350815,29.598910015752434,2.461610680138371,29.95467542083672,2.496222951736393,0.5906271860034504,,,lseg_backfill
2026-03-31,T30A7,tasa_fija,118.475,113.35429474640956,104.51743382555219,29.99753328044295,26.243959300567997,2.1796779926486876,26.52340127621242,2.2102834396843685,0.8319012166055273,,,lseg_backfill
2026-03-31,T30J6,tasa_fija,133.8,135.94097605264867,98.42506938318621,37.6807477995565,31.99075083664482,2.663067597617741,32.4065960253229,2.700549668776908,0.18095806829269978,,,lseg_backfill
2026-03-31,T31Y7,tasa_fija,107.475,108.63824238804452,98.92925146571358,34.27532748147047,29.484120862129704,2.4519519819599322,29.83712163949024,2.486426803290853,0.8686066585681751,,,lseg_backfill
2026-03-31,TX26,cer,1308.847,1424.219169675207,91.89926858648325,29.984328231181973,26.23379355904032,2.1788248570195456,26.51301835097044,2.2094181959142034,0.34074069098477094,,,lseg_backfill
2026-03-31,TX28,cer,1825.8455,2138.4074649279296,85.38342340951078,15.6754993804124,14.56477174233617,1.2040568457895917,14.650578378258672,1.220881531521556,1.236903238717884,,,lseg_backfill
2026-03-31,TX31,cer,1315.6,1701.2959370225715,77.32928595024003,11.215538621121876,10.63154023751367,0.8775258687422793,10.67721349014823,0.8897677908456858,3.0670256555275626,,,lseg_backfill
2026-03-31,TY30P,tasa_fija,118.2,232.75,50.784103114930176,27.717519777719662,24.47327725507065,2.0311815291781388,24.716171396649855,2.0596809497208213,2.2110594007030073,,,lseg_backfill
2026-03-31,TZX26,cer,364.25,397.44885510910814,91.64701201617643,41.92114694700538,35.02693733616991,2.9193472087820638,35.525857056961655,2.9604880880801376,0.1755513022467709,,,lseg_backfill
2026-03-31,TZX27,cer,333.375,397.44885510910814,83.87871690018619,15.120832330744472,14.083927188376254,1.1640831018718822,14.164151642127454,1.1803459701772878,1.0844778774230779,,,lseg_backfill
2026-03-31,TZX28,cer,300.5,397.44885429417025,75.60721253899655,13.229499602266287,12.4267692278337,1.0264365509320417,12.489198552289693,1.040766546024141,1.987568040950296,,,lseg_backfill
2026-03-31,TZXA7,cer,105.675,122.17245542588824,86.49658356429133,14.355229664759841,13.416411878465206,1.1086162765234553,13.489199350931536,1.1240999459109613,0.9456944506058249,,,lseg_backfill
2026-03-31,TZXD6,cer,259.675,293.8376877313334,88.37361946484904,19.041258341150055,17.434157949678287,1.442913303499238,17.55719600481429,1.4630996670678575,0.5956786443193135,,,lseg_backfill
2026-03-31,TZXD7,cer,235.425,293.8376877313334,80.12076388759829,13.85222461417317,12.975420396007298,1.0719884541455116,13.043493722113375,1.0869578101761146,1.5005581989811685,,,lseg_backfill
2026-03-31,TZXM7,cer,198.875,220.42653392464743,90.22280415114871,10.844534605940181,10.297296696468727,0.8498244694781443,10.340139541462179,0.8616782951218482,0.9015469647248296,,,lseg_backfill
2026-03-31,TZXO6,cer,148.675,165.87224680695547,89.63223375941253,20.646248016687366,18.774077398083566,1.5546388491891827,18.916804368072704,1.5764003640060587,0.4833653986309434,,,lseg_backfill
