fecha,ticker,panel,price,technical_value,parity,tir,tna,tem,tna_360,tem_360,duration,change_pct,volume,source
2026-04-01,AE38D,bonares,76.4583,101.13139668508288,75.60293094545759,10.952228235877906,10.394434420759158,0.8578742809851159,10.438090480823004,0.869840873401917,4.859028169326861,,,lseg_backfill
2026-04-01,AL29D,bonares,60.0442,70.1585635359116,85.58356524683629,10.64798367891539,10.11976839650186,0.8351142888121554,10.161144821534318,0.8467620684611932,1.6615218753437144,,,lseg_backfill
2026-04-01,AL30D,bonares,59.5055,72.12232044198895,82.50635813619282,10.64538548469521,10.117419555676245,0.8349196753077104,10.158776750416989,0.8465647292014156,2.0970683064769995,,,lseg_backfill
2026-04-01,AL35D,bonares,72.6219,100.93325966850828,71.95041578812541,10.91244120128981,10.358558184968668,0.8549011419268115,10.401913004473684,0.8668260837061403,5.692210967838623,,,lseg_backfill
2026-04-01,AL41D,bonares,67.8458,100.792817679558,67.31213747362074,10.789181208686994,10.2473322977904,0.8456841573829976,10.289759837762968,0.8574799864802474,6.1196511440777455,,,lseg_backfill
2026-04-01,AN29D,bonares,95.3263,100.0,95.3263,7.802980827733121,7.5142857367958,0.6194597257034973,7.537083554533108,0.6280902962110924,3.3434996402467374,,,lseg_backfill
2026-04-01,AO27D,bonares,97.7755,100.01666666666668,97.75920679886684,7.778910166431332,7.491950271258485,0.6176129586072054,7.514612630461492,0.6262177192051244,1.5081104010541504,,,lseg_backfill
2026-04-01,BPA7D,bopreales,100.375,102.10164835164836,98.3088927754608,6.462482691009004,6.262783422079865,0.5160320488446057,6.278614536565463,0.5232178780471219,1.276313066394137,,,lseg_backfill
2026-04-01,BPA8D,bopreales,89.375,101.260989010989,88.26202555685178,8.35983334832643,8.029612413526177,0.6620776692264796,8.055647868043359,0.6713039890036132,2.464523382707725,,,lseg_backfill
2026-04-01,BPB7D,bopreales,99.75,102.10164835164836,97.69675770213912,6.984883543813536,6.75236082369135,0.5564798606744858,6.7707661366068095,0.5642305113839008,1.275777653577651,,,lseg_backfill
2026-04-01,BPB8D,bopreales,87.375,101.260989010989,86.28693127865651,9.359878986679629,8.948486731015892,0.7381126374398361,8.980829623672637,0.7484024686393864,2.46260075708404,,,lseg_backfill
2026-04-01,BPC7D,bopreales,99.125,102.10164835164836,97.08462262881744,7.513378753777279,7.2452297278366995,0.5972155017775149,7.266422698515829,0.6055352248763191,1.2752376616513117,,,lseg_backfill
2026-04-01,BPD7D,bopreales,99.125,100.0,99.125,5.444183359358604,5.301540904875113,0.4366620482425976,5.312882457877599,0.4427402048231332,1.3074171305061506,,,lseg_backfill
2026-04-01,CUAP,cer,39373.296,55193.64553207286,71.33664685569701,9.862818087952876,9.407441442501495,0.7761109873458016,9.443191314534529,0.7869326095445439,9.956263895810755,,,lseg_backfill
2026-04-01,DICP,cer,47762.5,44433.8160223326,107.49133042274468,11.359261341080932,10.7607236465459,0.8882342876964877,10.807515160880676,0.900626263406723,3.199504167384614,,,lseg_backfill
2026-04-01,DIP0,cer,48238.856,44433.8160223326,108.56338779400576,11.0151922550734,10.451183290055122,0.8625773520511526,10.495317986450114,0.8746098322041762,3.2147157285527657,,,lseg_backfill
2026-04-01,GD29D,bonares,61.84891999999999,70.1585635359116,88.15590981754038,8.703561142776696,8.346391012406752,0.6882841815083696,8.374523568181846,0.6978769640151539,1.6791352754883957,,,lseg_backfill
2026-04-01,GD30D,bonares,60.784488,72.12232044198895,84.27971760682817,9.533390734962229,9.107061456132604,0.7512399872802833,9.140562172040312,0.7617135143366927,2.1136186547369955,,,lseg_backfill
2026-04-01,GD35D,bonares,73.951,100.93325966850828,73.26722652461119,10.560161905578406,10.040344529808063,0.8285338156905242,10.081073186581955,0.8400894322151631,5.7097073871789386,,,lseg_backfill
2026-04-01,GD38D,bonares,77.4028,101.13139668508288,76.5368644527156,10.672929852966224,10.14231764219864,0.8369826279007064,10.183878909152089,0.8486565757626741,4.883231689386541,,,lseg_backfill
2026-04-01,GD41D,bonares,68.4069,100.792817679558,67.86882396469974,10.640415365481774,10.11292627454441,0.834547384940576,10.154246694633695,0.8461872245528079,6.139497952682096,,,lseg_backfill
2026-04-01,GD46D,bonares,70.201,93.93983425414363,74.72974649931689,9.224203467426245,8.824316144447009,0.7278345323222135,8.85576666017327,0.7379805550144392,6.566494099781084,,,lseg_backfill
2026-04-01,PAP0,cer,32185.3345,54740.99536289113,58.79566910801627,9.478221930727356,9.056669121461525,0.7470681608502616,9.0897996886393,0.7574833073866083,6.933151004585383,,,lseg_backfill
2026-04-01,PARP,cer,32271.889,54740.99536289113,58.95378552410664,9.435831162600277,9.017931302770066,0.7438612894819396,9.050778728745623,0.7542315607288019,6.936851159802156,,,lseg_backfill
2026-04-01,T15E7,tasa_fija,127.375,132.82420034263785,95.89743410569692,34.56711980855519,29.701370048994868,2.4702327132241964,30.0596123211518,2.5049676934293164,0.587988268313129,,,lseg_backfill
2026-04-01,T30A7,tasa_fija,118.475,113.44843145012103,104.43070784287478,30.084121090588045,26.31059233573463,2.1852701818027898,26.59145998267816,2.215954998556513,0.8292428015705722,,,lseg_backfill
2026-04-01,T30J6,tasa_fija,133.8,136.03630800064832,98.356094756234,38.17079355865716,32.346361078894546,2.693052159934872,32.77154213247151,2.730961844372626,0.1783347728529061,,,lseg_backfill
2026-04-01,T31Y7,tasa_fija,107.475,108.7231910248319,98.85195512285246,34.36847487704128,29.55352334231154,2.457791606272286,29.90819433781713,2.4923495281514274,0.8659669506526176,,,lseg_backfill
2026-04-01,TX26,cer,1310.609,1424.297243305822,92.01794120994369,29.7433917544156,26.04813058674027,2.1632447457889947,26.323403776264342,2.193616981355362,0.3380782990580941,,,lseg_backfill
2026-04-01,TX28,cer,1829.605,2138.539214179593,85.55396075362083,15.520275578110072,14.43043928774934,1.1928879347479215,14.5146674739566,1.2095556228297166,1.235092016493575,,,lseg_backfill
2026-04-01,TX31,cer,1315.6,1701.4124561607823,77.32399014925728,11.226103838301013,10.641042321594242,0.8783134889307043,10.686797365863663,0.8905664471553054,3.064040603021376,,,lseg_backfill
2026-04-01,TY30P,tasa_fija,118.2,232.75,50.784103114930176,27.75180204381948,24.500133916340097,2.0334322771162983,24.743563149706027,2.061963595808836,2.2077917368406235,,,lseg_backfill
2026-04-01,TZX26,cer,368.675,397.44885510910814,92.76036281417666,35.66071548422819,30.511429962544856,2.538424119606053,30.88955950254748,2.574129958545623,0.1816344326081165,,,lseg_backfill
2026-04-01,TZX27,cer,356.375,397.44885510910814,89.66562500278621,9.151413559043649,8.757635217865989,0.7223154988367453,8.788611681338399,0.7323843067781999,1.141278951436807,,,lseg_backfill
2026-04-01,TZX28,cer,300.5,397.4488542941703,75.60721253899655,13.246636555336586,12.441907945210051,1.0276931805245582,12.50448971563829,1.042040809636524,1.984849673780031,,,lseg_backfill
2026-04-01,TZXA7,cer,110.175,122.17245542588824,90.17990153012346,10.0562276754878,9.583378867022208,0.7906810910161655,9.620480122890918,0.8017066769075765,0.980147360048307,,,lseg_backfill
2026-04-01,TZXD6,cer,259.675,293.8376877313334,88.37361946484904,19.12170755209089,17.501748403638274,1.448546303249021,17.625744499442852,1.4688120416202377,0.5929779866286711,,,lseg_backfill
2026-04-01,TZXD7,cer,249.125,293.8376877313334,84.78320188381831,10.161601645061644,9.679103888869278,0.7986093301804109,9.71695097062728,0.80974591421894,1.548344445716183,,,lseg_backfill
2026-04-01,TZXM7,cer,199.825,220.42653392464743,90.6537867479738,10.346964171679636,9.847271643461664,0.8125389579407338,9.886446995459863,0.8238705829549886,0.903131041254196,,,lseg_backfill
2026-04-01,TZXO6,cer,152.975,165.87224680695547,92.22459027641588,14.964767471839425,13.948216989913664,1.1528039543746704,14.026900059847948,1.1689083383206622,0.5048715181494019,,,lseg_backfill
2026-04-01,TZXY7,cer,105.375,120.73144600990013,87.28049193692182,12.433627252018496,11.721169751490624,0.967883146515658,11.776700617205726,0.9813917181004772,1.0324746804992635,,,lseg_backfill
2026-04-02,GD29D,bonares,61.66419,70.16049723756906,87.89018383264889,8.912882765790158,8.538812229096472,0.704206055393608,8.56825836892563,0.7140215307438025,1.674444427146303,,,lseg_backfill
2026-04-02,GD30D,bonares,60.466536,72.12381215469614,83.83713255520547,9.81932150103817,9.367831691166728,0.772831021291398,9.40328078464745,0.7836067320539541,2.106566031330043,,,lseg_backfill
2026-04-02,GD35D,bonares,73.4969,100.9446408839779,72.80911532933646,10.685029950968364,10.153253288795238,0.8378887232967092,10.194904346764044,0.849575362230337,5.700730060274833,,,lseg_backfill
2026-04-02,GD38D,bonares,76.9583,101.145208839779,76.08694557337586,10.810171124122189,10.266281643645623,0.8472543802118482,10.308866452201835,0.8590722043501531,4.868541050497925,,,lseg_backfill
2026-04-02,GD41D,bonares,67.7458,100.8024861878453,67.20647730231157,10.82106730818378,10.276117125647575,0.8480693991074428,10.318783678006138,0.8598986398338448,6.112630622808716,,,lseg_backfill
2026-04-02,GD46D,bonares,69.4969,93.95044198895027,73.97187126397306,9.396700186931897,8.982159084969577,0.7409000100348839,9.01474612745492,0.7512288439545767,6.522776307866631,,,lseg_backfill
2026-04-03,GD29D,bonares,61.699189999999994,70.16243093922652,87.93764579428948,8.891368453523226,8.519051972393221,0.7025708828477084,8.54836183276646,0.7123634860638717,1.6718630873489828,,,lseg_backfill
2026-04-03,GD30D,bonares,60.610536,72.12530386740332,84.03505115406887,9.708834901146416,9.267147737591962,0.7644941461829147,9.301838016248176,0.7751531680206813,2.105438519762004,,,lseg_backfill
2026-04-03,GD35D,bonares,73.7469,100.95602209944752,73.04853981603499,10.624576805911868,10.098605938846038,0.833360883799017,10.139809265531596,0.8449841054609664,5.70095401188832,,,lseg_backfill
2026-04-03,GD38D,bonares,76.9583,101.15902099447514,76.07655673556106,10.81666518110295,10.272143645000842,0.8477401351885128,10.31477716385023,0.8595647636541859,4.865200519802166,,,lseg_backfill
2026-04-03,GD41D,bonares,68.0958,100.8121546961326,67.5472121444621,10.73289698796291,10.196502163899556,0.841472274535171,10.238509283947472,0.8532091069956227,6.121594355020164,,,lseg_backfill
2026-04-03,GD46D,bonares,70.2969,93.96104972375691,74.814936834647,9.209642185455396,8.810980482425567,0.7267307455516958,8.842335902782228,0.7368613252318523,6.564409560812576,,,lseg_backfill
2026-04-06,AE38D,bonares,76.3472,101.20045745856352,75.44155621160144,11.01864160321172,10.454291227155688,0.8628349289282466,10.498452212365716,0.874871017697143,4.839407294464799,,,lseg_backfill
2026-04-06,AL29D,bonares,59.9211,70.1682320441989,85.39633713766047,10.88057161243176,10.32981190429494,0.8525189383726595,10.372926105687077,0.8644105088072562,1.6455495879988684,,,lseg_backfill
2026-04-06,AL30D,bonares,59.257,72.12977900552487,82.15330868469893,10.942995267514004,10.386110134622207,0.8571844223493885,10.429696205307517,0.8691413504422929,2.0787839889034325,,,lseg_backfill
2026-04-06,AL35D,bonares,73.0083,100.99016574585636,72.29248458085192,10.836937402901626,10.29044060194606,0.849256327804726,10.333226338894708,0.8611021949078923,5.682073677470936,,,lseg_backfill
2026-04-06,AL41D,bonares,67.7306,100.84116022099448,67.16562944294539,10.845887696017918,10.298517743204004,0.8499256538707867,10.341370762947744,0.861780896912312,6.098219657012319,,,lseg_backfill
2026-04-06,AN29D,bonares,95.1679,100.0,95.1679,7.89065422515724,7.59559694404266,0.6261830708529814,7.618891308215048,0.6349076090179206,3.3291188114295096,,,lseg_backfill
2026-04-06,AO27D,bonares,97.7497,100.1,97.65204795204797,7.87303622549318,7.57926272024001,0.6248324149926043,7.602456905332477,0.6335380754443731,1.494162792179919,,,lseg_backfill
2026-04-06,BPA7D,bopreales,99.875,102.17032967032966,97.75342834095188,6.958214274614645,6.727425040096158,0.5544193406684883,6.745694547792969,0.5621412123160807,1.2619160584314555,,,lseg_backfill
2026-04-06,BPA8D,bopreales,88.375,101.3021978021978,87.23897597222975,8.908164609170676,8.53447907565641,0.7038474822704588,8.563895304149227,0.7136579420124356,2.449582151060649,,,lseg_backfill
2026-04-06,BPB7D,bopreales,99.25,102.17032967032966,97.14170475934392,7.491726060969955,7.225084173645757,0.595550158012359,7.246159342660974,0.6038466118884145,1.2613708637272565,,,lseg_backfill
2026-04-06,BPB8D,bopreales,86.375,101.3021978021978,85.26468514400392,9.931072226731468,9.469564907952034,0.7812554551602569,9.505789083001392,0.792149090250116,2.44760704984732,,,lseg_backfill
2026-04-06,BPC7D,bopreales,98.625,102.17032967032966,96.52998117773596,8.031529461532207,7.726111393050683,0.6369757714709712,7.750213981880893,0.6458511651567411,1.2608209641477464,,,lseg_backfill
2026-04-06,BPD7D,bopreales,98.625,100.0,98.625,5.917544265733135,5.7495249015165895,0.4736446419025153,5.762865727962563,0.4802388106635469,1.2931933584321793,,,lseg_backfill
2026-04-06,CUAP,cer,41094.4705,55218.532244487455,74.42151906184091,9.408162058297195,8.99263846236098,0.7417675003685842,9.025301675948594,0.7521084729957161,10.070720567984324,,,lseg_backfill
2026-04-06,DICP,cer,48887.5,44468.88297904006,109.93642458490042,10.603500316317357,10.079546590008537,0.8317817560567153,10.120594332075772,0.8433828610063143,3.2191476820626983,,,lseg_backfill
2026-04-06,DIP0,cer,48918.96,44468.88297904006,110.00717068395316,10.581403589672751,10.059560757037955,0.8301258918315124,10.100445668381486,0.8417038056984572,3.220134701128079,,,lseg_backfill
2026-04-06,GD29D,bonares,61.59607999999999,70.1682320441989,87.78342877614571,9.04749484373494,8.662361119516792,0.714430378684594,8.692666514680703,0.7243888762233919,1.662105215713534,,,lseg_backfill
2026-04-06,GD30D,bonares,60.521976,72.12977900552487,83.90705868565638,9.825835465033292,9.373764566213971,0.7733222985104815,9.40925863016231,0.7841048858468591,2.0953576874156963,,,lseg_backfill
2026-04-06,GD35D,bonares,73.6083,100.99016574585636,72.88660183530806,10.677509975941874,10.14645713785245,0.8373256133656692,10.18805238218352,0.8490043651819601,5.68999237547989,,,lseg_backfill
2026-04-06,GD38D,bonares,76.8472,101.20045745856352,75.93562512448626,10.8691932367787,10.31954664493684,0.8516682697688127,10.36257508459668,0.8635479237163901,4.852318427209865,,,lseg_backfill
2026-04-06,GD41D,bonares,68.1556,100.84116022099448,67.58708433206864,10.732386201440637,10.196040755946822,0.841434042162148,10.23804406927109,0.8531703391059242,6.113329130219212,,,lseg_backfill
2026-04-06,GD46D,bonares,70.1833,93.9928729281768,74.66874648424618,9.248847405724078,8.846881768802884,0.7297023055716556,8.87849352661485,0.7398744605512375,6.546736111162893,,,lseg_backfill
2026-04-06,PAP0,cer,33668.352,54754.15871100822,61.49003617734527,8.790241191520693,8.426117393607214,0.6948808374926729,8.454790565647574,0.7045658804706312,6.979573248900255,,,lseg_backfill
2026-04-06,PARP,cer,33367.086,54754.15871100822,60.93982043649154,8.930560388824373,8.55504568762866,0.7055494025775655,8.584604020873332,0.715383668406111,6.967227635313298,,,lseg_backfill
2026-04-06,T15E7,tasa_fija,131.225,133.26850629503016,98.46662474740565,30.189745755758366,26.391815186155966,2.1920872238742506,26.674425605583263,2.222868800465272,0.5972433689241807,,,lseg_backfill
2026-04-06,T30A7,tasa_fija,110.375,113.920288925639,96.8879214062096,39.49887007474279,33.303816061587945,2.773825522745943,33.754652866464866,2.812887738872072,0.7634642170390004,,,lseg_backfill
2026-04-06,T30J6,tasa_fija,136.925,136.51397148684487,100.3010889718308,27.52372379712218,24.32132253795738,2.018447724129313,24.56120029495405,2.046766691246172,0.1824894301835627,,,lseg_backfill
2026-04-06,T31Y7,tasa_fija,111.225,109.14893161981934,101.90205103189822,30.879444055696315,26.92056666184428,2.2364761362977603,27.214655010652145,2.2678879175543454,0.878592768247196,,,lseg_backfill
2026-04-06,TX26,cer,1329.4465,1424.687611458896,93.314947733604,25.545812640955056,22.757146098230983,1.88745900640499,22.967076060513136,1.9139230050427607,0.3262359857355643,,,lseg_backfill
2026-04-06,TX28,cer,1933.7915,2139.197960437905,90.39796857342472,10.640083355281185,10.112626110550082,0.8345225149299473,10.153944074575882,0.8461620062146569,1.252369566807355,,,lseg_backfill
2026-04-06,TX31,cer,1378.5,1701.9950518518388,80.99318493905942,9.59676369635374,9.164916410543178,0.7560298269703614,9.19884463225964,0.7665703860216366,3.082407301110027,,,lseg_backfill
2026-04-06,TY30P,tasa_fija,117.95,232.75,50.67669172932331,28.03398587408789,24.720923517427053,2.0519375780445825,24.96877421874561,2.080731184895468,2.188751828529002,,,lseg_backfill
2026-04-06,TZX26,cer,370.325,397.44885510910814,93.17551056936315,35.49150034511654,30.386513909059552,2.527905739462377,30.76154140580228,2.563461783816856,0.1717578713893224,,,lseg_backfill
2026-04-06,TZX27,cer,363.475,397.44885510910814,91.45201837358884,7.522191853953071,7.253428232431358,0.5978932434808959,7.274669238252507,0.6062224365210422,1.1458405311183673,,,lseg_backfill
2026-04-06,TZX28,cer,316.45,397.4488542941703,79.62030751402814,10.739547183601395,10.202509280484604,0.8419700269306496,10.24456597648351,0.8537138313736259,2.017424036054415,,,lseg_backfill
2026-04-06,TZXA7,cer,109.975,122.17245542588824,90.01619850941981,10.380009361442854,9.877221874052378,0.8150199828657945,9.91663619684715,0.8263863497372625,0.9648703260270006,,,lseg_backfill
2026-04-06,TZXD6,cer,269.825,293.8376877313334,91.8279074693478,13.097381587346208,12.309979919650216,1.0167426509656297,12.37123945187264,1.0309366209893869,0.6124600228781256,,,lseg_backfill
2026-04-06,TZXD7,cer,250.125,293.8376877313334,85.12352582514822,9.987173726059916,9.520598504097588,0.7854817566082639,9.557214657012292,0.7964345547510243,1.5383537271916874,,,lseg_backfill
2026-04-06,TZXM7,cer,200.075,220.42653392464743,90.7672032208225,10.35791348466204,9.85719645218619,0.8133611052665302,9.896450912833288,0.8247042427361073,0.8906370205314091,,,lseg_backfill
2026-04-06,TZXM8,cer,85.375,110.14851737896304,77.50898698551664,13.695602817097422,12.837711145367358,1.060553242558182,12.90434481806404,1.0753620681720033,1.7458386881187984,,,lseg_backfill
2026-04-06,TZXM9,cer,80.31,109.72127940973236,73.19455299103672,11.054811636069308,10.486875409176031,0.865535450381083,10.531312483607104,0.8776093736339252,2.679797265664813,,,lseg_backfill
2026-04-06,TZXO6,cer,153.625,165.87224680695547,92.6164581220094,14.492881414011274,13.536755969743908,1.1186140312648971,13.610857411547528,1.1342381176289609,0.4949959385570932,,,lseg_backfill
2026-04-06,TZXS7,cer,95.075,110.14851737896304,86.31527891827812,10.425675732456492,9.918596492869192,0.8184474812982678,9.958342139217711,0.8298618449348094,1.3438134897366487,,,lseg_backfill
2026-04-06,TZXS8,cer,85.8,126.77315443749164,67.67994405495811,17.003479084123715,15.706726913193304,1.2990514760874872,15.80654605371148,1.3172121711426232,2.124696234826124,,,lseg_backfill
2026-04-06,TZXY7,cer,109.475,120.73144600990013,90.67645888298472,8.906244072733486,8.532715202028696,0.7037015201780683,8.562119259039314,0.7135099382532761,1.0533459211413216,,,lseg_backfill
2026-04-07,AE38D,bonares,76.2361,101.21426961325967,75.32149398627148,11.058754368798054,10.490426624695017,0.8658297732927478,10.534893841086744,0.8779078200905621,4.8331718098171805,,,lseg_backfill
2026-04-07,AL29D,bonares,59.7981,70.17016574585635,85.21869567271352,11.038808456215834,10.472460069714362,0.8643407230030098,10.516774895049076,0.8763979079207562,1.641357255882617,,,lseg_backfill
2026-04-07,AL30D,bonares,59.3835,72.13127071823205,82.32698441147815,10.844527327829026,10.297290128567283,0.8498239252162199,10.340132918830404,0.8616777432358669,2.077458906471547,,,lseg_backfill
2026-04-07,AL35D,bonares,72.8948,101.00154696132596,72.17196388874302,10.872890124325137,10.322881991004284,0.8519446647700768,10.365938286625289,0.8638281905521072,5.677509604999759,,,lseg_backfill
2026-04-07,AL41D,bonares,67.6153,100.85082872928176,67.04486304371645,10.882092723307988,10.33118412932421,0.8526326533898843,10.374309801540704,0.8645258167950587,6.090632729288775,,,lseg_backfill
2026-04-07,AN29D,bonares,95.1819,100.0,95.1819,7.892725862721797,7.597517452210711,0.6263418763435613,7.620823609225713,0.6350686341021428,3.3263294054714567,,,lseg_backfill
2026-04-07,AO27D,bonares,97.8043,100.11666666666666,97.69032795072418,7.847875391832799,7.555930674938094,0.6229031487099412,7.578982137917745,0.6315818448264787,1.491400710984438,,,lseg_backfill
2026-04-07,BPA7D,bopreales,99.75,102.18406593406591,97.6179594031456,7.080544252754792,6.841752679538793,0.5638669183549494,6.860648978320327,0.5717207481933606,1.2590131213736924,,,lseg_backfill
2026-04-07,BPA8D,bopreales,88.25,101.31043956043956,87.10849581039672,8.981743609395375,8.602032709553509,0.7094377587372414,8.63191698666732,0.71932641555561,2.4466628214624144,,,lseg_backfill
2026-04-07,BPB7D,bopreales,99.125,102.18406593406591,97.0063180535018,7.616576237256497,7.341188574387703,0.6051483605510333,7.362947182014423,0.6135789318345353,1.2584657470012597,,,lseg_backfill
2026-04-07,BPB8D,bopreales,86.25,101.31043956043956,85.13436559373051,10.008046743979683,9.539579341814374,0.7870536813526563,9.576341821880252,0.7980284851566877,2.444680015157119,,,lseg_backfill
2026-04-07,BPC7D,bopreales,98.5,102.18406593406591,96.39467670385804,8.158945025456731,7.844009977959421,0.6467261837051819,7.868854539457981,0.6557378782881651,1.257913639075466,,,lseg_backfill
2026-04-07,BPD7D,bopreales,98.5,100.0,98.5,6.034817441231072,5.860202449374796,0.48278347533941,5.874062235781974,0.4895051863151645,1.2903328302643533,,,lseg_backfill
2026-04-07,CUAP,cer,41141.8025,55223.50958697038,74.5005212593499,9.39833006031561,8.983649314891151,0.7410233718903259,9.016247183927906,0.7513539319939921,10.07071743952866,,,lseg_backfill
2026-04-07,DICP,cer,48887.5,44475.89637038155,109.91908874164102,10.61298940042428,10.088127962647576,0.8324927471466959,10.129245719357003,0.8441038099464171,3.215946160035672,,,lseg_backfill
2026-04-07,DIP0,cer,48971.8255,44475.89637038155,110.10868694399711,10.553755196127804,10.03454799617154,0.8280535741159056,10.075229577978018,0.8396024648315015,3.218592453638239,,,lseg_backfill
2026-04-07,GD29D,bonares,61.563039999999994,70.17016574585635,87.7339241622575,9.09858559932788,8.70921313201034,0.7183078926097153,8.739847611453389,0.7283206342877824,1.6588617683102866,,,lseg_backfill
2026-04-07,GD30D,bonares,60.397488,72.13127071823205,83.73273810180335,9.947684620845015,9.484679335328485,0.7825071250378013,9.521019380585027,0.793418281715419,2.0907623609566426,,,lseg_backfill
2026-04-07,GD35D,bonares,73.2698,101.00154696132596,72.5432453307427,10.77277466900082,10.232518254068012,0.8444566196144976,10.274823049237192,0.8562352541030993,5.682483306569579,,,lseg_backfill
2026-04-07,GD38D,bonares,76.4861,101.21426961325967,75.56849473128032,10.983600598558084,10.42271404501216,0.8602179325934101,10.466608296507918,0.8722173580423265,4.8396527107091,,,lseg_backfill
2026-04-07,GD41D,bonares,67.6653,100.85082872928176,67.0944412183631,10.868638040590572,10.319045735237564,0.8516267602151739,10.362069992206102,0.8635058326838418,6.092419334544698,,,lseg_backfill
2026-04-07,GD46D,bonares,70.1448,94.00348066298343,74.61936462914562,9.262114128736265,8.859027558411281,0.730707635329475,8.890726274711458,0.7408938562259548,6.54080156911082,,,lseg_backfill
2026-04-07,PAP0,cer,33706.7515,54756.79138063164,61.55720715206592,8.776065672013337,8.41308339983149,0.6938023607168997,8.441667837134936,0.7034723197612447,6.97804393085389,,,lseg_backfill
2026-04-07,PARP,cer,33405.2615,54756.79138063164,61.006608783538,8.91634062746055,8.541987809214113,0.704468838858685,8.571455879434264,0.7142879899528554,6.965699909135618,,,lseg_backfill
2026-04-07,T15E7,tasa_fija,131.225,133.35754567468086,98.40088113207848,30.3111699104942,26.4851063101188,2.199917699823528,26.769725143801715,2.230810428650143,0.5945858465475933,,,lseg_backfill
2026-04-07,T30A7,tasa_fija,110.375,114.01489566735364,96.8075262043187,39.61860510332705,33.38968988725621,2.7810730597580324,33.84286479142595,2.8202387326188294,0.7608485306246205,,,lseg_backfill
2026-04-07,T30J6,tasa_fija,136.925,136.60970526196482,100.23079966202296,27.89336715202731,24.61095968451377,2.0427206432822365,24.856603276416323,2.071383606368027,0.1798212614464353,,,lseg_backfill
2026-04-07,T31Y7,tasa_fija,111.225,109.23427958517746,101.82243195303012,30.96352953040665,26.984839968630546,2.241873178222198,27.28033921983748,2.273361601653124,0.8759381210339227,,,lseg_backfill
2026-04-07,TX26,cer,1330.6805,1424.7656850895107,93.39644503835731,25.427670695225423,22.662940559085243,1.879575151422164,22.87113096235931,1.905927580196609,0.3235168264897849,,,lseg_backfill
2026-04-07,TX28,cer,1935.8025,2139.329709689568,90.48640287807244,10.572632565069563,10.051626521574764,0.8294685326408091,10.09244688022699,0.8410372400189159,1.250033332778373,,,lseg_backfill
2026-04-07,TX31,cer,1378.5,1702.1115709900498,80.98764049868846,9.60569338480861,9.173065891863509,0.7567045441617459,9.20705455059121,0.7672545458826008,3.079451150522319,,,lseg_backfill
2026-04-07,TY30P,tasa_fija,117.95,232.75,50.67669172932331,28.069011736627587,24.748295003685584,2.054231922934635,24.9966966285899,2.0830580523824915,2.185474279867766,,,lseg_backfill
2026-04-07,TZX26,cer,370.325,397.44885510910814,93.17551056936315,35.98231594507293,30.748410450424867,2.558381594073089,31.132460323336897,2.594371693611408,0.1691245398497196,,,lseg_backfill
2026-04-07,TZX27,cer,363.475,397.44885510910814,91.45201837358884,7.539561341827195,7.269584469637658,0.5992288360294751,7.290920294517456,0.607576691209788,1.1431095571562302,,,lseg_backfill
2026-04-07,TZX28,cer,316.45,397.4488542941703,79.62030751402814,10.753408951503914,10.215029448336852,0.8430074613322791,10.25718956587891,0.8547657971565759,2.014699513664372,,,lseg_backfill
2026-04-07,TZXA7,cer,109.975,122.17245542588824,90.01619850941981,10.408108307300909,9.90268208443268,0.8171291087531785,9.94230012535242,0.8285250104460351,0.96214501062782,,,lseg_backfill
2026-04-07,TZXD6,cer,269.825,293.8376877313334,91.8279074693478,13.15263284782476,12.35883731550258,1.020797867477552,12.420584865791096,1.0350487388159246,0.6097413564253206,,,lseg_backfill
2026-04-07,TZXD7,cer,250.125,293.8376877313334,85.12352582514822,10.004144357347752,9.536030987204793,0.7867598175788526,9.572766090048823,0.7977305075040686,1.5356275397888428,,,lseg_backfill
2026-04-07,TZXM7,cer,200.075,220.42653392464743,90.7672032208225,10.38829958815751,9.884734248468362,0.8156423041340233,9.92420862625707,0.8270173855214225,0.8879116586178878,,,lseg_backfill
2026-04-07,TZXM8,cer,85.375,110.14851737896304,77.50898698551664,13.715761160359948,12.855445912807184,1.062025846286896,12.922264123982607,1.0768553436652173,1.743121577569509,,,lseg_backfill
2026-04-07,TZXM9,cer,80.31,109.72127940973236,73.19455299103672,11.065534535857124,10.496533220548663,0.8663358867504467,10.5410522923842,0.8784210243653501,2.6770734659054294,,,lseg_backfill
2026-04-07,TZXO6,cer,153.625,165.87224680695547,92.6164581220094,14.568128210947345,13.602480620389487,1.1240746025780624,13.677304652779476,1.139775387731623,0.4922811177562043,,,lseg_backfill
2026-04-07,TZXS7,cer,95.075,110.14851737896304,86.31527891827812,10.445920082044951,9.9369328080523,0.8199665087538,9.976825734281023,0.8314021445234188,1.3410882672154585,,,lseg_backfill
2026-04-07,TZXS8,cer,85.8,126.77315443749164,67.67994405495811,17.023738240256996,15.72404787198778,1.3004929999589798,15.824087740156225,1.318673978346352,2.12198883856418,,,lseg_backfill
2026-04-07,TZXY7,cer,109.475,120.73144600990013,90.67645888298472,8.928474986450771,8.553130787838924,0.705390940358086,8.582675875618673,0.7152229896348894,1.0506175076476274,,,lseg_backfill
2026-04-08,AE38D,bonares,76.87,101.2280817679558,75.93742631240252,10.87552047811988,10.32525503871684,0.8521413160319513,10.368331158933051,0.8640275965777544,4.846215330685396,,,lseg_backfill
2026-04-08,AL29D,bonares,59.8,70.17209944751382,85.21905496746356,11.056367780393154,10.488277041864505,0.8656516168769279,10.532726011834637,0.8777271676528864,1.6384226488728877,,,lseg_backfill
2026-04-08,AL30D,bonares,59.385,72.13276243093922,82.3273613801439,10.858459318307782,10.309861834130407,0.8508657085351867,10.352809439934685,0.8627341199945571,2.074475495032022,,,lseg_backfill
2026-04-08,AL35D,bonares,74.7863,101.01292817679558,74.03636479986699,10.38014276208758,9.8773427624822,0.8150299971726005,9.9167580513166,0.8263965042763832,5.699196371614367,,,lseg_backfill
2026-04-08,AL41D,bonares,68.5,100.86049723756906,67.91558823932185,10.651374166709092,10.122833410333154,0.8353682414680597,10.164234935809446,0.8470195779841205,6.118588568812532,,,lseg_backfill
2026-04-08,AN29D,bonares,95.224,100.0,95.224,7.885220934063895,7.590559845819245,0.6257665578411453,7.613823294012079,0.6344852745010066,3.323593752240656,,,lseg_backfill
2026-04-08,AO27D,bonares,97.842,100.13333333333334,97.71171770972038,7.835159790292436,7.544137228346015,0.62192799281795,7.567116718729494,0.6305930598941245,1.4886308657925398,,,lseg_backfill
2026-04-08,BPA7D,bopreales,99.75,102.1978021978022,97.6048387096774,7.096743671968358,6.856882630301042,0.5651172611063515,6.875862671174371,0.5729885559311976,1.2562187762385804,,,lseg_backfill
2026-04-08,BPA8D,bopreales,88.25,101.31868131868131,87.10140997830803,8.992398363894804,8.611811178568573,0.7102469827716895,8.641763513037848,0.7201469594198207,2.44386453930671,,,lseg_backfill
2026-04-08,BPB7D,bopreales,99.125,102.1978021978022,96.99327956989248,7.634052798731604,7.357430181215707,0.6064911040259524,7.379285264800828,0.6149404387334023,1.2556701516760018,,,lseg_backfill
2026-04-08,BPB8D,bopreales,86.25,101.31868131868131,85.1274403470716,10.01998365008591,9.550432529639384,0.7879525140014554,9.587278810594668,0.798939900882889,2.4418790833250488,,,lseg_backfill
2026-04-08,BPC7D,bopreales,98.5,102.1978021978022,96.38172043010752,8.177720964803143,7.861371786510807,0.6481621117545799,7.886326563390966,0.6571938802825805,1.2551167793127147,,,lseg_backfill
2026-04-08,BPD7D,bopreales,98.5,100.0,98.5,6.048223063842344,5.872846343241145,0.4838275543087356,5.886766047246095,0.4905638372705079,1.287545598632195,,,lseg_backfill
2026-04-08,CUAP,cer,41189.193,55228.48692945328,74.5796151406673,9.388495258765206,8.974656798141023,0.7402789698163881,9.007189363747603,0.7505991136456336,10.07071505415833,,,lseg_backfill
2026-04-08,DICP,cer,48887.5,44482.90976172304,109.90175836488793,10.622496724718324,10.096725094403624,0.83320504878448,10.137913054321146,0.8448260878600955,3.2127438929076493,,,lseg_backfill
2026-04-08,DIP0,cer,49024.752,44482.90976172304,110.21030832426604,10.526074581744703,10.009499835975433,0.8259783648107755,10.049978309747232,0.837498192478936,3.217052234779085,,,lseg_backfill
2026-04-08,GD29D,bonares,62.50999999999999,70.17209944751382,89.08098872936701,8.116043466151437,7.804328314737874,0.6434443411396984,7.828921888788099,0.6524101573990082,1.6650823971825763,,,lseg_backfill
2026-04-08,GD30D,bonares,61.839,72.13276243093922,85.72942157761587,8.731658440933677,8.372241224962718,0.6904230131966393,8.400548503441208,0.7000457086201006,2.106231724586131,,,lseg_backfill
2026-04-08,GD35D,bonares,75.0313,101.01292817679558,74.2789080113371,10.316833576043958,9.819955233848487,0.8102761656216151,9.858913265344247,0.8215761054453541,5.7023368590377,,,lseg_backfill
2026-04-08,GD38D,bonares,78.88,101.2280817679558,77.92304133631208,10.289615832437992,9.795273220001178,0.8082316393173361,9.834035410537378,0.8195029508781149,4.897261981959592,,,lseg_backfill
2026-04-08,GD41D,bonares,69.875,100.86049723756906,69.27885734631555,10.293942004677508,9.799196752197869,0.8085566411062395,9.83799004117314,0.8198325034310949,6.166609147812451,,,lseg_backfill
2026-04-08,GD46D,bonares,71.5313,94.01408839779006,76.08572419203658,8.94147350211118,8.565065948116013,0.7063786053648213,8.594693640553874,0.7162244700461562,6.614865251306601,,,lseg_backfill
2026-04-08,PAP0,cer,33745.1995,54759.42405025506,61.62446023725632,8.76188123850405,8.400039514251834,0.6927230766387016,8.428535287453354,0.7023779406211128,6.9765156296665305,,,lseg_backfill
2026-04-08,PARP,cer,33443.484,54759.42405025506,61.073476538590846,8.902112542011102,8.528920585134102,0.7033875129889955,8.558298466217185,0.713191538851432,6.96417314896456,,,lseg_backfill
2026-04-08,T15E7,tasa_fija,131.225,133.44664454333878,98.3351814120607,30.433569686067656,26.579059314070346,2.207804317472317,26.865708047979982,2.238809003998332,0.5919288445677817,,,lseg_backfill
2026-04-08,T30A7,tasa_fija,118.075,114.10958097659704,103.47509734893885,31.12230519320346,27.106092863261267,2.252055556972965,27.404263067930312,2.2836885889941927,0.8080610335967792,,,lseg_backfill
2026-04-08,T30J6,tasa_fija,136.925,136.70550617274566,100.16055960977678,28.273028097175747,24.9075784199152,2.0675844376597974,25.15919825908864,2.0965998549240528,0.1771546354700639,,,lseg_backfill
2026-04-08,T31Y7,tasa_fija,111.225,109.31969428756254,101.74287508289731,31.04807173833685,27.04942091711382,2.2472963302705207,27.34634124842401,2.278861770702001,0.8732838368703969,,,lseg_backfill
2026-04-08,TX26,cer,1331.916,1424.8437587201256,93.47803868659967,25.30754687004787,22.567063910442165,1.871552050438408,22.77349137126912,1.89779094760576,0.3207987089738953,,,lseg_backfill
2026-04-08,TX28,cer,1937.8155,2139.461458941229,90.5749197725198,10.50495537224993,9.990384876762292,0.8243947416953334,10.030708695888002,0.8358923913240002,1.2476988820906385,,,lseg_backfill
2026-04-08,TX31,cer,1378.5,1702.228090128261,80.98209681736196,9.614640214933589,9.181230353138115,0.7573805059631011,9.215279614028216,0.7679399678356846,3.076494675168551,,,lseg_backfill
2026-04-08,TY30P,tasa_fija,117.95,232.75,50.67669172932331,28.10413383925508,24.775734203066225,2.0565319937509985,25.0246887322894,2.0853907276907835,2.1821954194808897,,,lseg_backfill
2026-04-08,TZX26,cer,370.325,397.44885510910814,93.17551056936315,36.48680123167486,31.119031106210613,2.5896011954840814,31.512432904406666,2.626036075367222,0.16649347283496,,,lseg_backfill
2026-04-08,TZX27,cer,363.475,397.44885510910814,91.45201837358884,7.557011196800248,7.285812840092443,0.600570408895762,7.3072441203621,0.608937010030175,1.140378613153273,,,lseg_backfill
2026-04-08,TZX28,cer,316.45,397.4488542941703,79.62030751402814,10.767306519344425,10.227580382589196,0.8440474554249677,10.269844303621944,0.855820358635162,2.011975022915561,,,lseg_backfill
2026-04-08,TZXA7,cer,109.975,122.17245542588824,90.01619850941981,10.436359675921006,9.928273890031925,0.8192491789830614,9.968097232572417,0.8306747693810346,0.9594197578853568,,,lseg_backfill
2026-04-08,TZXD6,cer,269.825,293.8376877313334,91.8279074693478,13.208351672693125,12.40808407946503,1.024885561215183,12.470325502763568,1.039193791896964,0.6070228365809839,,,lseg_backfill
2026-04-08,TZXD7,cer,250.125,293.8376877313334,85.12352582514822,10.021172719362834,9.55151358232964,0.7880420443841407,9.588368215672816,0.7990306846394013,1.5329013890583276,,,lseg_backfill
2026-04-08,TZXM7,cer,200.075,220.42653392464743,90.7672032208225,10.41886435892003,9.912426339063307,0.8179363348805202,9.952122487263448,0.8293435406052874,0.8851863643779645,,,lseg_backfill
2026-04-08,TZXM8,cer,85.375,110.14851737896304,77.50898698551664,13.735978855613146,12.873229747732085,1.0635025451553926,12.94023326504945,1.0783527720874542,1.7404045219581965,,,lseg_backfill
2026-04-08,TZXM9,cer,80.31,109.72127940973236,73.19455299103672,11.076278239573194,10.50620883689768,0.8671378049481593,10.550810133308008,0.8792341777756674,2.6743496911476496,,,lseg_backfill
2026-04-08,TZXO6,cer,153.625,165.87224680695547,92.6164581220094,14.644159302705726,13.668846607185593,1.129588746966914,13.74440385129212,1.1453669876076766,0.4895665115220871,,,lseg_backfill
2026-04-08,TZXS7,cer,95.075,110.14851737896304,86.31527891827812,10.46624314274968,9.955337044768031,0.8214911852513662,9.995378071034011,0.8329481725861676,1.3383630899267802,,,lseg_backfill
2026-04-08,TZXS8,cer,85.8,126.77315443749164,67.67994405495811,17.04404563808722,15.741407075136271,1.3019377265837573,15.841668403901554,1.3201390336584629,2.119281506050837,,,lseg_backfill
2026-04-08,TZXY7,cer,109.475,120.73144600990013,90.67645888298472,8.950817093928757,8.573644301627104,0.7070884918189524,8.603331437253114,0.7169442864377595,1.0478891381326834,,,lseg_backfill
2026-04-09,AE38D,bonares,78.0139,101.24189392265194,77.05693461207082,10.545411537453695,10.026998486357796,0.8274281021541485,10.067618797795408,0.8389682331496173,4.872112572749518,,,lseg_backfill
2026-04-09,AL29D,bonares,59.8019,70.17403314917127,85.21941424241233,11.07399129515641,10.504149327687951,0.8669671116457112,10.548733115765518,0.8790610929804599,1.6354874970392357,,,lseg_backfill
2026-04-09,AL30D,bonares,59.3865,72.1342541436464,82.32773833321845,10.872431848690283,10.32246853899499,0.8519104025981328,10.3655213810824,0.8637934484235332,2.071491516788256,,,lseg_backfill
2026-04-09,AL35D,bonares,74.4177,101.0243093922652,73.66316131996018,10.481289699325684,9.968960788963477,0.8226198420447695,10.0091116235415,0.834092635295125,5.691399819125705,,,lseg_backfill
2026-04-09,AL41D,bonares,69.2597,100.87016574585635,68.66222483910721,10.457490537426247,9.947411240241454,0.8208345789297855,9.98738845334124,0.83228237111177,6.141797343694846,,,lseg_backfill
2026-04-09,AN29D,bonares,95.2661,100.0,95.2661,7.877710418426729,7.583596576675511,0.6251907742736096,7.606817320572556,0.6339014433810464,3.3208581278732283,,,lseg_backfill
2026-04-09,AO27D,bonares,97.8702,100.15,97.7236145781328,7.829452644072571,7.538843522215011,0.6214902790712351,7.56179074303116,0.63014922858593,1.4858566483902325,,,lseg_backfill
2026-04-09,BPA7D,bopreales,100.0,102.21153846153848,97.83631232361242,6.899341375146497,6.672356882782449,0.5498690351273705,6.6903282630259575,0.5575273552521631,1.2536429916601817,,,lseg_backfill
2026-04-09,BPA8D,bopreales,88.375,101.32692307692308,87.21768836591383,8.93989402532204,8.563615757666842,0.7062585978998115,8.59323340699154,0.7161027839159617,2.4411877863320344,,,lseg_backfill
2026-04-09,BPB7D,bopreales,100.0,102.21153846153848,97.83631232361242,6.899341375146497,6.672356882782449,0.5498690351273705,6.6903282630259575,0.5575273552521631,1.2536429916601817,,,lseg_backfill
2026-04-09,BPB8D,bopreales,87.25,101.32692307692308,86.10742076295313,9.513252752554378,9.088669937620695,0.7497173906658938,9.122035322763187,0.7601696102302657,2.4400823511652714,,,lseg_backfill
2026-04-09,BPC7D,bopreales,100.0,102.21153846153848,97.83631232361242,6.899341375146497,6.672356882782449,0.5498690351273705,6.6903282630259575,0.5575273552521631,1.2536429916601817,,,lseg_backfill
2026-04-09,BPD7D,bopreales,100.0,100.0,100.0,4.821732011242555,4.709396879914007,0.3877987482697298,4.718345006114877,0.3931954171762397,1.2856374040398186,,,lseg_backfill
2026-04-09,CUAP,cer,41236.6365,55233.46427193621,74.6587907232755,9.378659123036435,8.965662254990736,0.7395344053164665,8.998129568112034,0.7498441306760029,10.070712996403088,,,lseg_backfill
2026-04-09,DICP,cer,48887.5,44489.92315306454,109.88443345205587,10.632022345177202,10.105338031789143,0.8339186648493646,10.146596384176831,0.8455496986814026,3.209540878580256,,,lseg_backfill
2026-04-09,DIP0,cer,49077.734,44489.92315306454,110.31202241269648,10.498365624700597,9.984419762161023,0.8239005528678955,10.024695379700075,0.8353912816416731,3.2155138730864543,,,lseg_backfill
2026-04-09,GD29D,bonares,62.04296,70.17403314917127,88.41298870212181,8.619776829491192,8.269267783468814,0.6819033109662698,8.296882281076723,0.6914068567563936,1.6576799433518483,,,lseg_backfill
2026-04-09,GD30D,bonares,61.250111999999994,72.1342541436464,84.9112709726339,9.240407270908817,8.839153993212667,0.7290626681584866,8.870710485876288,0.739225873823024,2.09579054071734,,,lseg_backfill
2026-04-09,GD35D,bonares,75.5427,101.0243093922652,74.77675467859603,10.190778878409043,9.705593261280509,0.8008033675350967,9.743648045071753,0.8119706704226459,5.705810175880867,,,lseg_backfill
2026-04-09,GD38D,bonares,79.0139,101.24189392265194,78.04466801101731,10.257541599174871,9.766179371193283,0.8058217116205357,9.80471135008738,0.8170592791739484,4.897298732844355,,,lseg_backfill
2026-04-09,GD41D,bonares,69.8847,100.87016574585635,69.28183321922498,10.296328287987764,9.801360876684374,0.8087359045848563,9.840171324148184,0.8200142770123486,6.1635091332921,,,lseg_backfill
2026-04-09,GD46D,bonares,71.5427,94.02469613259667,76.0892647811466,8.942767450276024,8.566253965955116,0.7064769173885432,8.59588988712714,0.716324157260595,6.611775085689803,,,lseg_backfill
2026-04-09,PAP0,cer,33783.689,54762.056719878485,61.69178263850088,8.747691149221593,8.386988730061384,0.691643232943262,8.415395930398173,0.7012829941998477,6.974988058581543,,,lseg_backfill
2026-04-09,PARP,cer,33481.749,54762.056719878485,61.14041547282905,8.887878260431975,8.5158459666832,0.7023055864609162,8.545133746241707,0.7120944788534755,6.962647167953839,,,lseg_backfill
2026-04-09,T15E7,tasa_fija,131.225,133.53580294074965,98.26952555804456,30.55695683371004,26.67368126692393,2.215747682742797,26.96238169460469,2.246865141217058,0.5892723680470137,,,lseg_backfill
2026-04-09,T30A7,tasa_fija,118.075,114.20434491861675,103.38923627130082,31.21438140047168,27.176342037828817,2.257955276593337,27.476065224819823,2.2896721020683186,0.8054074504284422,,,lseg_backfill
2026-04-09,T30J6,tasa_fija,136.925,136.80137426626794,100.0903687805734,28.6631177140628,25.211434256331657,2.0930609478351903,25.46925111915659,2.122437593263049,0.1744896039623126,,,lseg_backfill
2026-04-09,T31Y7,tasa_fija,111.225,109.40517577915894,101.66338037289432,31.13307439317973,27.11431172135692,2.252745782370136,27.41266340860937,2.2843886173841144,0.8706299181325878,,,lseg_backfill
2026-04-09,TX26,cer,1333.1515,1424.9218323507405,93.55962339356228,25.18583713265092,22.46982794109642,1.863415823287484,22.674475165621644,1.889539597135137,0.3180814392577662,,,lseg_backfill
2026-04-09,TX28,cer,1939.8305,2139.593208192892,90.66351924150982,10.437050854750778,9.92889991996826,0.8193010409455637,9.96872829129316,0.8307273576077634,1.2453662240587706,,,lseg_backfill
2026-04-09,TX31,cer,1378.5,1702.3446092664728,80.97655389492408,9.62360423753183,9.189409837013551,0.7580577159291835,9.223519865828589,0.7686266554857157,3.073537874135361,,,lseg_backfill
2026-04-09,TY30P,tasa_fija,117.95,232.75,50.67669172932331,28.13935261215988,24.80324139393053,2.0588378142011754,25.05275081843168,2.0877292348693066,2.17891524220015,,,lseg_backfill
2026-04-09,TZX26,cer,370.325,397.44885510910814,93.17551056936315,37.00553173268288,31.498695188980857,2.621592104627468,31.901794708544,2.6584828923786663,0.1638647445147476,,,lseg_backfill
2026-04-09,TZX27,cer,363.475,397.44885510910814,91.45201837358884,7.57454197771164,7.302113827974299,0.6019180023364434,7.323641205657516,0.610303433804793,1.1376476993056706,,,lseg_backfill
2026-04-09,TZX28,cer,316.45,397.4488542941703,79.62030751402814,10.781240025879876,10.240162196779368,0.8450900186937949,10.282530305140549,0.8568775254283789,2.0092505639207565,,,lseg_backfill
2026-04-09,TZXA7,cer,109.975,122.17245542588824,90.01619850941981,10.464764709970083,9.95399831372712,0.821380278962569,9.9940285578608,0.8328357131550668,0.9566945682704268,,,lseg_backfill
2026-04-09,TZXD6,cer,269.825,293.8376877313334,91.8279074693478,13.264544015485768,12.457724884771482,1.029006123896825,12.52046613003932,1.0433721775032767,0.6043044650313907,,,lseg_backfill
2026-04-09,TZXD7,cer,250.125,293.8376877313334,85.12352582514822,10.038259106984794,9.567046533956349,0.789328457425098,9.604021282149144,0.800335106845762,1.5301752751733264,,,lseg_backfill
2026-04-09,TZXM7,cer,200.075,220.42653392464743,90.7672032208225,10.449609376233008,9.940274024374808,0.8202433060809255,9.9801938171443,0.8316828180953584,0.8824611383630321,,,lseg_backfill
2026-04-09,TZXM8,cer,85.375,110.14851737896304,77.50898698551664,13.756256165046768,12.891062854046398,1.0649833562694555,12.958252449445771,1.0798543707871475,1.7376875215033274,,,lseg_backfill
2026-04-09,TZXM9,cer,80.31,109.72127940973236,73.19455299103672,11.087042807769713,10.515902307515423,0.8679412090928595,10.56058605650163,0.8800488380418026,2.671625941458242,,,lseg_backfill
2026-04-09,TZXO6,cer,153.625,165.87224680695547,92.6164581220094,14.720986998546213,13.735863363311452,1.1351572567091628,13.812164649454228,1.1510137207878524,0.4868521228657372,,,lseg_backfill
2026-04-09,TZXS7,cer,95.075,110.14851737896304,86.31527891827812,10.48664537416834,9.973809581121596,0.8230215423614684,10.013999533670948,0.8344999611392456,1.335637958114004,,,lseg_backfill
2026-04-09,TZXS8,cer,85.8,126.77315443749164,67.67994405495811,17.06440144982482,15.758804649443793,1.3033856666473165,15.859288174999708,1.3216073479166424,2.1165742374863177,,,lseg_backfill
2026-04-09,TZXY7,cer,109.475,120.73144600990013,90.67645888298472,8.973271231032847,8.594256449695358,0.7087942334065955,8.62408666004102,0.7186738883367516,1.0451608129045604,,,lseg_backfill
2026-04-10,AE38D,bonares,78.3056,101.25570607734808,77.33450590940846,10.467089062465517,9.95610302285288,0.8215546422523978,9.99615021895055,0.8330125182458792,4.876170720767624,,,lseg_backfill
2026-04-10,AL29D,bonares,60.5578,70.17596685082873,86.29421540956632,10.244329350867618,9.75419236967079,0.80482880979309,9.792629698665944,0.8160524748888287,1.640149447189453,,,lseg_backfill
2026-04-10,AL30D,bonares,59.391,72.1357458563536,82.33227409648934,10.883737258209187,10.33266767655039,0.8527555937142495,10.3758057518907,0.8646504793242249,2.068546921871286,,,lseg_backfill
2026-04-10,AL35D,bonares,75.3021,101.0356906077348,74.53019774205931,10.257663058058968,9.766289559860695,0.8058308387616897,9.804822409350766,0.8170685341125639,5.699715908657964,,,lseg_backfill
2026-04-10,AL41D,bonares,69.5389,100.87983425414365,68.93240905294576,10.390145371442722,9.88640676970276,0.8157808554466239,9.925894524109058,0.8271578770090882,6.148080063755106,,,lseg_backfill
2026-04-10,AN29D,bonares,95.3917,100.0,95.3917,7.841729550235666,7.55023071236216,0.6224318390296801,7.5732473757488705,0.6311039479790725,3.318282261151639,,,lseg_backfill
2026-04-10,AO27D,bonares,97.9832,100.16666666666669,97.82016638935109,7.760801769556538,7.475143985774979,0.616223383248804,7.497704686055062,0.6248087238379219,1.4831216977005108,,,lseg_backfill
2026-04-10,BPA7D,bopreales,100.0,102.22527472527472,97.82316581564096,6.915180696729989,6.687175539788814,0.5510934875586404,6.705226903525929,0.5587689086271608,1.250848997558089,,,lseg_backfill
2026-04-10,BPA8D,bopreales,88.375,101.33516483516485,87.21059480561732,8.95052093399066,8.573372408390956,0.7070659917011834,8.603057659029822,0.7169214715858185,2.438389564389185,,,lseg_backfill
2026-04-10,BPB7D,bopreales,100.0,102.22527472527472,97.82316581564096,6.915180696729989,6.687175539788814,0.5510934875586404,6.705226903525929,0.5587689086271608,1.250848997558089,,,lseg_backfill
2026-04-10,BPB8D,bopreales,87.25,101.33516483516485,86.10041750257551,9.524595678173243,9.099029564293758,0.7505750404661393,9.132471145162224,0.761039262096852,2.437282654905358,,,lseg_backfill
2026-04-10,BPC7D,bopreales,100.0,102.22527472527472,97.82316581564096,6.915180696729989,6.687175539788814,0.5510934875586404,6.705226903525929,0.5587689086271608,1.250848997558089,,,lseg_backfill
2026-04-10,BPD7D,bopreales,100.0,100.0,100.0,4.832420846924645,4.719594833221152,0.3886400815508617,4.728581778578711,0.3940484815482259,1.2828520070335951,,,lseg_backfill
2026-04-10,CUAP,cer,41303.0435,55238.441614419135,74.7722822962813,9.363848912186423,8.952117703312613,0.7384132030594293,8.9844868789835,0.7487072399152916,10.072114509746942,,,lseg_backfill
2026-04-10,DICP,cer,48887.5,44496.93654440603,109.8671140005613,10.641566318019937,10.113966821478693,0.8346335992368781,10.15529575632934,0.8462746463607784,3.206337114946738,,,lseg_backfill
2026-04-10,DIP0,cer,49146.2935,44496.93654440603,110.44871246575391,10.45977303066583,9.94947818179226,0.8210058124904718,9.989472031575986,0.8324560026313321,3.2144633179143898,,,lseg_backfill
2026-04-10,GD29D,bonares,62.04876999999999,70.17596685082873,88.41883166625333,8.628706126974171,8.277490001046273,0.6825835660713375,8.305159499804748,0.692096624983729,1.654820402994044,,,lseg_backfill
2026-04-10,GD30D,bonares,61.700976,72.1357458563536,85.53453668153274,8.871548442720863,8.500844435349485,0.7010642214618112,8.530029005246664,0.710835750437222,2.098564756374081,,,lseg_backfill
2026-04-10,GD35D,bonares,76.0771,101.0356906077348,75.2972534184627,10.059937994422684,9.586750989444282,0.7909603702673129,9.62387839221126,0.801989866017605,5.709518111351279,,,lseg_backfill
2026-04-10,GD38D,bonares,79.5556,101.25570607734808,78.56900423886076,10.11003540475881,9.632270911877791,0.7947304044296777,9.669752172492618,0.8058126810410515,4.907491497075415,,,lseg_backfill
2026-04-10,GD41D,bonares,70.9139,100.87983425414365,70.29541684351767,10.04048065879582,9.5690659331672,0.7894957018516058,9.606056311571988,0.8005046926309989,6.195405923272294,,,lseg_backfill
2026-04-10,GD46D,bonares,71.5771,94.03530386740331,76.11726347046101,8.938765621294856,8.562579705064909,0.7061728616278851,8.592190180388837,0.7160158483657364,6.609963498573853,,,lseg_backfill
2026-04-10,PAP0,cer,33836.954,54764.6893895019,61.78607854294954,8.726704792980023,8.36768422948364,0.6900459668281567,8.395960667672853,0.6996633889727377,6.974059692227357,,,lseg_backfill
2026-04-10,PARP,cer,33534.8975,54764.6893895019,61.23452515450304,8.866715090241541,8.496403803016307,0.7006967654419327,8.525557856635313,0.7104631547196094,6.961730963099793,,,lseg_backfill
2026-04-10,T15E7,tasa_fija,131.225,133.62502090668588,98.20391354074182,30.68134329334587,26.768979338625208,2.22374841030768,27.05975356670791,2.254979463892326,0.5866164221132724,,,lseg_backfill
2026-04-10,T30A7,tasa_fija,118.075,114.29918755871452,103.30344643906233,31.30700108787996,27.24695627933027,2.2638859871658257,27.54824461308214,2.2956870510901783,0.8027542661951429,,,lseg_backfill
2026-04-10,T30J6,tasa_fija,136.925,136.89730958964523,100.02022713991808,29.064069799673355,25.52279532820245,2.119173104163785,25.787041001156208,2.148920083429684,0.1718262209629015,,,lseg_backfill
2026-04-10,T31Y7,tasa_fija,111.225,109.49072411219186,101.58394777445356,31.2185412488262,27.179514616737844,2.258221726294818,27.479308035073743,2.289942336256145,0.8679763672171921,,,lseg_backfill
2026-04-10,TX26,cer,1334.404,1424.9999059813554,93.64239214324968,25.057458523700827,22.36716187708865,1.854825914310232,22.569937864961,1.8808281554134163,0.3153675507058198,,,lseg_backfill
2026-04-10,TX28,cer,1942.3035,2139.7249574445545,90.77351242001065,10.348085975744088,9.848288527823934,0.8126231939020512,9.88747198152682,0.8239559984605682,1.2431720789677123,,,lseg_backfill
2026-04-10,TX31,cer,1378.5,1702.461128404684,80.971011731219,9.632585503612614,9.197604386290358,0.7587361776287382,9.23177534942079,0.7693146124517325,3.0705807465058648,,,lseg_backfill
2026-04-10,TY30P,tasa_fija,117.95,232.75,50.67669172932331,28.17466848826749,24.83081685632582,2.0611494081349324,25.080883177337032,2.09007359811142,2.175633742828113,,,lseg_backfill
2026-04-10,TZX26,cer,370.325,397.44885510910814,93.17551056936315,37.5391155594065,31.88773778670695,2.654383261153437,32.30089808439729,2.691741507033107,0.161238432322123,,,lseg_backfill
2026-04-10,TZX27,cer,363.475,397.44885510910814,91.45201837358884,7.592154248591992,7.318487921789685,0.6032716569702945,7.340112044681124,0.611676003723427,1.1349168158113137,,,lseg_backfill
2026-04-10,TZX28,cer,316.45,397.4488542941703,79.62030751402814,10.795209610584704,10.252775005004322,0.8461351606706913,10.295247686434196,0.8579373072028496,2.0065261367932656,,,lseg_backfill
2026-04-10,TZXA7,cer,109.975,122.17245542588824,90.01619850941981,10.493324665650285,9.97985638906096,0.8235224949897813,10.020095151415642,0.8350079292846369,0.9539694422585736,,,lseg_backfill
2026-04-10,TZXD6,cer,269.825,293.8376877313334,91.8279074693478,13.321215931132722,12.507764479704695,1.0331599535656988,12.57101159184737,1.047584299320614,0.601586243488765,,,lseg_backfill
2026-04-10,TZXD7,cer,250.125,293.8376877313334,85.12352582514822,10.055403817103608,9.582630088157629,0.7906190772360322,9.619725539366986,0.8016437949472488,1.527449198308117,,,lseg_backfill
2026-04-10,TZXM7,cer,200.075,220.42653392464743,90.7672032208225,10.480536238034473,9.968278619484128,0.8225633275384947,10.008423952141944,0.8340353293451619,0.8797359811304871,,,lseg_backfill
2026-04-10,TZXM8,cer,85.375,110.14851737896304,77.50898698551664,13.776593352395247,12.908945436813424,1.0664682968302586,12.976321886513986,1.0813601572094989,1.7349705764245298,,,lseg_backfill
2026-04-10,TZXM9,cer,80.31,109.72127940973236,73.19455299103672,11.097828301233886,10.525613681856338,0.8687461033185739,10.570380112273623,0.8808650093561354,2.668902216904212,,,lseg_backfill
2026-04-10,TZXO6,cer,153.625,165.87224680695547,92.6164581220094,14.798623866330937,13.80354050787458,1.1407809397820712,13.88059688071932,1.15671640672661,0.4841379548547195,,,lseg_backfill
2026-04-10,TZXS7,cer,95.075,110.14851737896304,86.31527891827812,10.507127239481164,9.992350798014304,0.824557611890242,10.03269050925475,0.8360575424378958,1.332912872022268,,,lseg_backfill
2026-04-10,TZXS8,cer,85.8,126.77315443749164,67.67994405495811,17.084805848499506,15.77624072227457,1.304836830882672,15.87694718408299,1.3230789320069158,2.1138670330716853,,,lseg_backfill
2026-04-10,TZXY7,cer,109.475,120.73144600990013,90.67645888298472,8.995838242022769,8.614967945129393,0.7105082245360439,8.644942267007227,0.7204118555839356,1.042432532274212,,,lseg_backfill
2026-04-13,AE38D,bonares,79.2694,101.29714254143649,78.25432979767832,10.209206936500228,9.72232008858509,0.8021888255687726,9.760506320208416,0.8133755266840348,4.890432944070826,,,lseg_backfill
2026-04-13,AL29D,bonares,60.5597,70.1817679558011,86.28978973305308,10.297138233264883,9.802095406850952,0.8087967488594527,9.840911678980024,0.8200759732483354,1.6313406729205384,,,lseg_backfill
2026-04-13,AL30D,bonares,59.3925,72.14022099447514,82.32924598962425,10.9287310410007,10.373248394050629,0.8561185401830596,10.416726435811796,0.8680605363176497,2.059549887088336,,,lseg_backfill
2026-04-13,AL35D,bonares,75.31349999999999,101.06983425414364,74.5162991072307,10.27049644003608,9.77793144531236,0.8067951632269921,9.816556332393578,0.8180463610327982,5.69074614221537,,,lseg_backfill
2026-04-13,AL41D,bonares,70.14859999999999,100.90883977900552,69.51680363546771,10.248314864163016,9.757808434590176,0.8051283330325676,9.796274303901953,0.8163561919918294,6.158885860626194,,,lseg_backfill
2026-04-13,AN29D,bonares,95.4338,100.0,95.4338,7.847851090095488,7.55590813692375,0.6229012851172167,7.578959462250534,0.6315799551875445,3.309914580092916,,,lseg_backfill
2026-04-13,AO27D,bonares,98.0208,100.21666666666668,97.80888075835688,7.77828121851588,7.491366595986926,0.6175646989250216,7.514025420783277,0.6261687850652731,1.4747774600812722,,,lseg_backfill
2026-04-13,BPA7D,bopreales,100.0,102.26648351648352,97.78374748153122,6.963139149611028,6.732030268089106,0.5547998816590738,6.750324818844877,0.5625270682370731,1.2424665734722222,,,lseg_backfill
2026-04-13,BPA8D,bopreales,88.375,101.35989010989012,87.18932104621221,8.982554240935283,8.602776705334048,0.7094993284070261,8.632666157873725,0.7193888464894771,2.4299945948478032,,,lseg_backfill
2026-04-13,BPB7D,bopreales,100.0,102.26648351648352,97.78374748153122,6.963139149611028,6.732030268089106,0.5547998816590738,6.750324818844877,0.5625270682370731,1.2424665734722222,,,lseg_backfill
2026-04-13,BPB8D,bopreales,87.25,101.35989010989012,86.07941455481772,9.558787842920212,9.13025119581179,0.7531598506246739,9.163922940688352,0.7636602450573626,2.4288832388301325,,,lseg_backfill
2026-04-13,BPC7D,bopreales,100.0,102.26648351648352,97.78374748153122,6.963139149611028,6.732030268089106,0.5547998816590738,6.750324818844877,0.5625270682370731,1.2424665734722222,,,lseg_backfill
2026-04-13,BPD7D,bopreales,100.0,100.0,100.0,4.864773935116746,4.750455794946928,0.3911861588725918,4.759560727004697,0.3966300605837247,1.2744956161397636,,,lseg_backfill
2026-04-13,CUAP,cer,41426.951,55253.37364186789,74.97632862839166,9.339298792712103,8.929661571768888,0.7365543371497862,8.961868368926051,0.746822364077171,10.070708715687598,,,lseg_backfill
2026-04-13,DICP,cer,48887.5,44517.9767184305,109.81518838829103,10.670308916688665,10.139948774285925,0.8367863515355456,10.181490603611554,0.8484575503009628,3.1967213070156,,,lseg_backfill
2026-04-13,DIP0,cer,49290.2285,44517.9767184305,110.71983080397672,10.38723869091569,9.883772924087154,0.8155626683053141,9.92323961435808,0.8269366345298401,3.209379378228911,,,lseg_backfill
2026-04-13,GD29D,bonares,62.050729999999994,70.1817679558011,88.41431586488123,8.672140541452176,8.317475384994388,0.6858917712008195,8.345413141095914,0.6954510950913262,1.6460894622052975,,,lseg_backfill
2026-04-13,GD30D,bonares,61.702488,72.14022099447514,85.5313265601522,8.907176020931077,8.533571132829486,0.7037723491782,8.562981095812194,0.7135817579843495,2.0896941937136195,,,lseg_backfill
2026-04-13,GD35D,bonares,76.3385,101.06983425414364,75.53044938022175,10.009164189409567,9.540595387331429,0.7871378272576113,9.57736570854344,0.7981138090452866,5.703700852319877,,,lseg_backfill
2026-04-13,GD38D,bonares,79.5694,101.29714254143649,78.55048820103829,10.124178102184995,9.645117628049316,0.7957944150641216,9.682699059500964,0.8068915882917471,4.897912657238211,,,lseg_backfill
2026-04-13,GD41D,bonares,70.7986,100.90883977900552,70.16094938268225,10.08363163496285,9.60828227542432,0.7927436094733453,9.64557684607268,0.8037980705060566,6.181206636317314,,,lseg_backfill
2026-04-13,GD46D,bonares,72.4635,94.0671270718232,77.03381856732143,8.748271399660837,8.387522426198778,0.6916873916339439,8.415933245905194,0.7013277704920995,6.647828626670141,,,lseg_backfill
2026-04-13,PAP0,cer,33938.0815,54772.58739837216,61.96180080586925,8.690865619675105,8.334708629984533,0.6873176023289185,8.36276240187832,0.6968968668231934,6.968885838356061,,,lseg_backfill
2026-04-13,PARP,cer,33635.2425,54772.58739837216,61.40889831507145,8.830875603845213,8.463470215566925,0.6979715983022938,8.492398447036642,0.7076998705863868,6.956551353704563,,,lseg_backfill
2026-04-13,T15E7,tasa_fija,131.225,133.893032613769,98.00734021652546,31.06062085405297,27.05900351977475,2.2481010481080865,27.3561350052117,2.279677917100975,0.5786518201223212,,,lseg_backfill
2026-04-13,T30A7,tasa_fija,118.075,114.5841883213068,103.04650382381256,31.58816934254107,27.46101808640389,2.2818665257980486,27.76707612922032,2.3139230107683595,0.7947971355707185,,,lseg_backfill
2026-04-13,T30J6,tasa_fija,136.925,137.1855194105382,99.81009700465648,30.33681381403417,26.504797633167264,2.2015705831935906,26.789841305886863,2.232486775490572,0.1638465412396857,,,lseg_backfill
2026-04-13,T31Y7,tasa_fija,111.225,109.7477706827743,101.3460221633983,31.477765173941982,27.37701852822372,2.27481045492961,27.681200401964645,2.3067667001637204,0.8600179456880983,,,lseg_backfill
2026-04-13,TX26,cer,1338.1085,1425.2341268731998,93.88692529666385,24.67780045022756,22.062928154145567,1.8293752663557816,22.26020980274992,1.8550174835624933,0.3072235551320423,,,lseg_backfill
2026-04-13,TX28,cer,1947.9115,2140.1202051995424,91.01878928423923,10.163095215266274,9.68046003851464,0.7987216549737663,9.71831773994607,0.8098598116621725,1.2360540075844024,,,lseg_backfill
2026-04-13,TX31,cer,1378.5,1702.8106858193178,80.95438979094298,9.659633275956526,9.222278857200838,0.7607791090258331,9.25663362779332,0.7713861356494434,3.061707394817476,,,lseg_backfill
2026-04-13,TY30P,tasa_fija,117.95,232.75,50.67669172932331,28.2812031065832,24.913955698287022,2.068119071494245,25.16570482011433,2.097142068342861,2.1657812597471144,,,lseg_backfill
2026-04-13,TZX26,cer,373.225,397.44885510910814,93.905164199691,34.24149456918033,29.458900669061872,2.449829998413122,29.811295489206824,2.4842746241005687,0.1590807388443156,,,lseg_backfill
2026-04-13,TZX27,cer,356.375,397.44885510910814,89.66562500278621,9.410626579044584,8.994891585162424,0.7419540164245175,9.027571187596006,0.7522975989663339,1.1085467075935944,,,lseg_backfill
2026-04-13,TZX28,cer,316.45,397.4488542941703,79.62030751402814,10.837336239319171,10.290800543456434,0.8492861548794917,10.3335892775978,0.8611324397998166,1.9983530477558824,,,lseg_backfill
2026-04-13,TZXA7,cer,109.975,122.17245542588824,90.01619850941981,10.579946831428138,10.058243022543545,0.8300167159488225,10.09911720929475,0.8415931007745625,0.9457944506690767,,,lseg_backfill
2026-04-13,TZXD6,cer,269.825,293.8376877313334,91.8279074693478,13.494171231303753,12.660324643616772,1.0458251225148096,12.72512661448486,1.0604272178737384,0.5934324964247418,,,lseg_backfill
2026-04-13,TZXD7,cer,250.625,293.8376877313334,85.29368779581318,9.975824366184987,9.51027647836833,0.7846269334931044,9.54681317947248,0.79556776495604,1.521085966464525,,,lseg_backfill
2026-04-13,TZXM7,cer,203.025,220.42653392464743,92.1055176004373,8.907731958431151,8.534081719989594,0.70381460072233,8.563495206341276,0.7136246005284397,0.8848990422813523,,,lseg_backfill
2026-04-13,TZXM8,cer,85.375,110.14851737896304,77.50898698551664,13.837966842686589,12.96289211142676,1.070948068650135,13.030833824763732,1.085902818730311,1.7268200756583858,,,lseg_backfill
2026-04-13,TZXM9,cer,80.31,109.72127940973236,73.19455299103672,11.13031094465406,10.55485572464776,0.8711697680520825,10.599871580953836,0.8833226317461529,2.6607311947280303,,,lseg_backfill
2026-04-13,TZXO6,cer,155.025,165.87224680695547,93.460481174057,13.146361301009163,12.35329273064989,1.0203376530431685,12.414984800467366,1.0345820667056138,0.483948534561965,,,lseg_backfill
2026-04-13,TZXS7,cer,95.075,110.14851737896304,86.31527891827812,10.56905532506195,10.048390383684216,0.8292004166320588,10.089184427905096,0.8407653689920913,1.3247378905512537,,,lseg_backfill
2026-04-13,TZXS8,cer,85.8,126.77315443749164,67.67994405495811,17.14631230883455,15.82878121405862,1.30920977666944,15.930160954322048,1.3275134128601709,2.1057458067504102,,,lseg_backfill
2026-04-13,TZXY7,cer,109.475,120.73144600990013,90.67645888298472,9.06422508904718,8.677705750579022,0.7157002980096694,8.708118728896874,0.7256765607414062,1.0342479611233262,,,lseg_backfill
2026-04-14,AE38D,bonares,79.8333,101.3109546961326,78.8002642354406,10.055778979620667,9.5829710622205,0.7906473166638506,9.62006915665441,0.8016724297212008,4.901162346011548,,,lseg_backfill
2026-04-14,AL29D,bonares,61.5617,70.18370165745857,87.71509416881507,9.21281148156145,8.81388317053322,0.7269709987500539,8.845259277399009,0.7371049397832508,1.638377089111871,,,lseg_backfill
2026-04-14,AL30D,bonares,59.394,72.14171270718232,82.32962286475744,10.942909034705108,10.38603238533653,0.8571779790541578,10.429617802588265,0.8691348168823554,2.056563038185474,,,lseg_backfill
2026-04-14,AL35D,bonares,76.475,101.08121546961326,75.65698497461152,9.979811686647098,9.513902991109656,0.7849272639469662,9.550467596738075,0.7958722997281731,5.70237743114878,,,lseg_backfill
2026-04-14,AL41D,bonares,71.0583,100.91850828729282,70.41156394990762,10.0232057878282,9.553361937246985,0.7881951212107108,9.590230853471748,0.799185904455979,6.186645183581804,,,lseg_backfill
2026-04-14,AN29D,bonares,95.4758,100.0,95.4758,7.840346574610379,7.548948026566915,0.6223257785867187,7.571956862489149,0.6309964052074291,3.3071789096339304,,,lseg_backfill
2026-04-14,AO27D,bonares,98.058,100.23333333333332,97.82973062853344,7.765734659962387,7.4797224484038916,0.616601937329575,7.5023108204884,0.6251925683740334,1.4720075092866247,,,lseg_backfill
2026-04-14,BPA7D,bopreales,100.0,102.28021978021978,97.7706150953532,6.9792738394535325,6.747116261423436,0.5560464830765888,6.765492969578979,0.5637910807982482,1.2396722831700997,,,lseg_backfill
2026-04-14,BPA8D,bopreales,88.375,101.36813186813188,87.18223209930078,8.993283175786747,8.612623177462918,0.710314180590288,8.642581166869956,0.720215097239163,2.427196169801424,,,lseg_backfill
2026-04-14,BPB7D,bopreales,100.0,102.28021978021978,97.7706150953532,6.9792738394535325,6.747116261423436,0.5560464830765888,6.765492969578979,0.5637910807982482,1.2396722831700997,,,lseg_backfill
2026-04-14,BPB8D,bopreales,87.25,101.36813186813188,86.07241584909751,9.570240022116776,9.140706264813891,0.7540254304994276,9.174455260679704,0.7645379383899753,2.426083323692643,,,lseg_backfill
2026-04-14,BPC7D,bopreales,100.0,102.28021978021978,97.7706150953532,6.9792738394535325,6.747116261423436,0.5560464830765888,6.765492969578979,0.5637910807982482,1.2396722831700997,,,lseg_backfill
2026-04-14,BPD7D,bopreales,100.0,100.0,100.0,4.875654895687787,4.760832791256275,0.3920422912245369,4.7699775694125535,0.3974981307843794,1.2717100851526049,,,lseg_backfill
2026-04-14,CUAP,cer,41474.671,55258.350984350815,75.05593319595376,9.329453208532154,8.920654348206657,0.7358087496223131,8.952796129840213,0.746066344153351,10.070709067775685,,,lseg_backfill
2026-04-14,DICP,cer,48887.5,44524.99010977199,109.79789075634304,10.679926866129664,10.148641444062356,0.8375065984963737,10.190254622996964,0.849187885249747,3.193514524921308,,,lseg_backfill
2026-04-14,DIP0,cer,49343.5005,44524.99010977199,110.82203584627072,10.35937957171532,9.858525286001177,0.8134711831611963,9.897790344586266,0.8248158620488555,3.2078507084730497,,,lseg_backfill
2026-04-14,GD29D,bonares,62.05268999999999,70.18370165745857,88.41467254442759,8.685329999216362,8.329614342539093,0.6868961130133799,8.357633794138764,0.696469482844897,1.643190980546663,,,lseg_backfill
2026-04-14,GD30D,bonares,62.424,72.14171270718232,86.52968949236654,8.315739415024822,7.988903062716268,0.658710337475088,8.014674919498432,0.6678895766248694,2.095861594642697,,,lseg_backfill
2026-04-14,GD35D,bonares,76.725,101.08121546961326,75.9043108489973,9.916900813366745,9.456669553662422,0.780187565085666,9.492795016981947,0.7910662514151623,5.705494055164051,,,lseg_backfill
2026-04-14,GD38D,bonares,77.9333,101.3109546961326,76.92485006557243,10.600657580367852,10.076975642968833,0.8315687467374877,10.118002420554095,0.8431668683795079,4.853409327593468,,,lseg_backfill
2026-04-14,GD41D,bonares,72.0833,100.91850828729282,71.427234927804,9.769512010900732,9.32245393404052,0.7690735506105773,9.35756001476964,0.7797966678974699,6.221295129497266,,,lseg_backfill
2026-04-14,GD46D,bonares,72.6,94.07773480662983,77.17022539841565,8.721302106162081,8.362713914870646,0.6896347239404355,8.390956734774946,0.6992463945645788,6.651624057672974,,,lseg_backfill
2026-04-14,PAP0,cer,33976.7935,54775.22006799559,62.029497020409366,8.67664063439752,8.321617224336443,0.6862344537750475,8.34958284169005,0.6957985701408376,6.967362504112906,,,lseg_backfill
2026-04-14,PARP,cer,33673.7285,54775.22006799559,61.47620850851696,8.816606684328528,8.450355222971107,0.6968863872466757,8.47919377128834,0.706599480940695,6.955029593559638,,,lseg_backfill
2026-04-14,T15E7,tasa_fija,131.225,133.982489252062,97.94190325358537,31.18912786929717,27.15707985084969,2.256337552210952,27.45637680890169,2.288031400741808,0.5759980491686062,,,lseg_backfill
2026-04-14,T30A7,tasa_fija,118.075,114.67934640781914,102.96099838248584,31.68301154800432,27.53312142721509,2.287923674445791,27.840794565164995,2.3200662137637496,0.7921455756782008,,,lseg_backfill
2026-04-14,T30J6,tasa_fija,136.925,137.28172412513203,99.74015177373002,30.78606645120539,26.84914235564229,2.2304789466404795,27.141666814412435,2.261805567867703,0.1611903441471145,,,lseg_backfill
2026-04-14,T31Y7,tasa_fija,111.225,109.83358690462236,101.26683752628958,31.56512719487864,27.443492576822106,2.280394321616708,27.749158699672005,2.3124298916393338,0.8573658904518084,,,lseg_backfill
2026-04-14,TX26,cer,1339.35,1425.3122005038144,93.96888622202006,24.54569181929691,21.95684802098929,1.8205025867533031,22.15223174920373,1.8460193124336444,0.3045118000361355,,,lseg_backfill
2026-04-14,TX28,cer,1949.9375,2140.2519544512047,91.10784811781636,10.093994345359764,9.617697800342606,0.7935234207475883,9.65506559098488,0.8045887992487399,1.2337307558857875,,,lseg_backfill
2026-04-14,TX31,cer,1378.5,1702.9272049575286,80.94885066061177,9.668684030219348,9.230534099581632,0.7614626136276836,9.264950476258171,0.7720792063548476,3.058748951562836,,,lseg_backfill
2026-04-14,TY30P,tasa_fija,117.95,232.75,50.67669172932331,28.31691178028138,24.941807080889333,2.0704540007465244,25.194121208413023,2.099510100701085,2.162494419443623,,,lseg_backfill
2026-04-14,TZX26,cer,373.225,397.44885510910814,93.905164199691,34.75585563636175,29.84164014829982,2.4820376085579854,30.20328734853832,2.516940612378193,0.1564418181411382,,,lseg_backfill
2026-04-14,TZX27,cer,356.375,397.44885510910814,89.66562500278621,9.432891637899091,9.015244531615174,0.7436388714931574,9.04807236470102,0.7540060303917517,1.1058193106297245,,,lseg_backfill
2026-04-14,TZX28,cer,316.45,397.4488542941703,79.62030751402814,10.851451545958016,10.303538480209484,0.8503417079569919,10.346433349528894,0.8622027791274078,1.99562874924158,,,lseg_backfill
2026-04-14,TZXA7,cer,109.975,122.17245542588824,90.01619850941981,10.609139312887748,10.084646257184527,0.8322042773786231,10.125735599764418,0.8438112999803682,0.9430695839216156,,,lseg_backfill
2026-04-14,TZXD6,cer,269.825,293.8376877313334,91.8279074693478,13.552824092558364,12.71200843553566,1.0501161316149863,12.7773414517228,1.0647784543102334,0.5907148925689499,,,lseg_backfill
2026-04-14,TZXD7,cer,250.625,293.8376877313334,85.29368779581318,9.992969378904949,9.525869129812016,0.7859182485053573,9.562525885718465,0.7968771571432054,1.5183597547925465,,,lseg_backfill
2026-04-14,TZXM7,cer,203.025,220.42653392464743,92.1055176004373,8.934211497404437,8.558398193390104,0.705826830470957,8.587979723258421,0.7156649769382017,0.8821706359037307,,,lseg_backfill
2026-04-14,TZXM8,cer,85.375,110.14851737896304,77.50898698551664,13.858546210335934,12.98097467337922,1.0724497009413136,13.049106389452804,1.0874255324544002,1.7241033543036004,,,lseg_backfill
2026-04-14,TZXM9,cer,80.31,109.72127940973236,73.19455299103672,11.141180751801809,10.564639212210626,0.8719806642495609,10.60973867387549,0.8841448894896242,2.6580075713903595,,,lseg_backfill
2026-04-14,TZXO6,cer,155.025,165.87224680695547,93.460481174057,13.216608910251423,12.41538013498733,1.02549117887889,12.477694894896896,1.0398079079080746,0.4812300172947109,,,lseg_backfill
2026-04-14,TZXS7,cer,95.075,110.14851737896304,86.31527891827812,10.589860430636518,10.067210188924758,0.8307596586885513,10.1081573842154,0.8423464486846166,1.3220129898305968,,,lseg_backfill
2026-04-14,TZXS8,cer,85.8,126.77315443749164,67.67994405495811,17.166912802111103,15.846372565971212,1.3106739458835115,15.947978233365134,1.3289981861137612,2.1030388609628825,,,lseg_backfill
2026-04-14,TZXY7,cer,109.475,120.73144600990013,90.67645888298472,9.087252209792196,8.698821905619326,0.7174478930846773,8.729383244325373,0.7274486036937811,1.0315198620524837,,,lseg_backfill
2026-04-15,AE38D,bonares,80.5972,101.32476685082874,79.54343494187945,9.848377927313456,9.394293382593569,0.7750222240501037,9.429943272971553,0.7858286060809627,4.916718990510356,,,lseg_backfill
2026-04-15,AL29D,bonares,62.8136,70.18563535911602,89.49637583047326,7.897771168776788,7.602194540990759,0.6267286225890789,7.625529430079236,0.6354607858399364,1.6476493038896023,,,lseg_backfill
2026-04-15,AL30D,bonares,62.0205,72.1432044198895,85.96859607043082,8.663804088731569,8.309802147561829,0.6852569149935039,8.337688324238268,0.694807360353189,2.0878125842453987,,,lseg_backfill
2026-04-15,AL35D,bonares,77.1115,101.09259668508288,76.2780881375644,9.825187197172273,9.373174143888164,0.773273407938424,9.408663731224731,0.7840553109353943,5.707258615365201,,,lseg_backfill
2026-04-15,AL41D,bonares,71.5681,100.92817679558011,70.90993047952703,9.900968476537493,9.442169857519778,0.7789868293190949,9.478184489405628,0.789848707450469,6.2005316956698735,,,lseg_backfill
2026-04-15,AN29D,bonares,96.3834,100.0,96.3834,7.538919605052495,7.2689876041730495,0.5991794944670392,7.290319922360666,0.6075266601967222,3.306090353910977,,,lseg_backfill
2026-04-15,AO27D,bonares,98.0957,100.25,97.851072319202,7.752778934021968,7.4676971438985,0.6156076702588775,7.490212872458635,0.6241844060382196,1.4692378137172872,,,lseg_backfill
2026-04-15,BPA7D,bopreales,99.5,102.29395604395604,97.26869880488788,7.430048957261878,7.167677923653471,0.5908047836767016,7.188419212193686,0.5990349343494739,1.236433804538362,,,lseg_backfill
2026-04-15,BPA8D,bopreales,87.875,101.37637362637362,86.68193273895017,9.259462696919094,8.856600269259607,0.7305067232838525,8.88828159766799,0.7406901331389992,2.4239055949353845,,,lseg_backfill
2026-04-15,BPB7D,bopreales,99.5,102.29395604395604,97.26869880488788,7.430048957261878,7.167677923653471,0.5908047836767016,7.188419212193686,0.5990349343494739,1.236433804538362,,,lseg_backfill
2026-04-15,BPB8D,bopreales,86.75,101.37637362637362,85.57220671526518,9.841943016914088,9.38843371061382,0.7745370005526331,9.424039087562177,0.7853365906301812,2.422779765321538,,,lseg_backfill
2026-04-15,BPC7D,bopreales,99.5,102.29395604395604,97.26869880488788,7.430048957261878,7.167677923653471,0.5908047836767016,7.188419212193686,0.5990349343494739,1.236433804538362,,,lseg_backfill
2026-04-15,BPD7D,bopreales,99.5,100.0,99.5,5.301778493172595,5.1663778802384375,0.4255064678259312,5.177148120387631,0.4314290100323026,1.268629261142017,,,lseg_backfill
2026-04-15,CUAP,cer,41522.4375,55263.328326833725,75.13560756679637,9.319608088051575,8.911646739958258,0.7350631355870219,8.943723569142303,0.7453102974285253,10.070709235369456,,,lseg_backfill
2026-04-15,DICP,cer,48887.5,44532.00350111349,109.78059857283895,10.6895634527162,10.15735020256292,0.8382281835040084,10.199034924708528,0.849919577059044,3.190306982860157,,,lseg_backfill
2026-04-15,DIP0,cer,49396.821,44532.00350111349,110.92431760624665,10.331497103574906,9.833250122823324,0.8113774598825119,9.872313848453553,0.8226928207044626,3.2063236830040425,,,lseg_backfill
2026-04-15,GD29D,bonares,63.10108,70.18563535911602,89.9059753140842,7.5994078573164,7.325230810518835,0.6038291001170482,7.34689483647788,0.6122412363731566,1.6504059799095634,,,lseg_backfill
2026-04-15,GD30D,bonares,62.425512,72.1432044198895,86.5299961402735,8.325969496594771,7.99834937114352,0.6594916925863004,8.024182274110014,0.6686818561758345,2.092928605340944,,,lseg_backfill
2026-04-15,GD35D,bonares,77.4865,101.09259668508288,76.64903518244857,9.731910655062968,9.28818450485014,0.7662359863409574,9.32303264914518,0.776919387428765,5.711876910843285,,,lseg_backfill
2026-04-15,GD38D,bonares,80.5972,101.32476685082874,79.54343494187945,9.848377927313456,9.394293382593569,0.7750222240501037,9.429943272971553,0.7858286060809627,4.916718990510356,,,lseg_backfill
2026-04-15,GD41D,bonares,71.6931,100.92817679558011,71.03378092839938,9.870053056565602,9.414028380510198,0.7766564421571642,9.449828394287252,0.7874856995239377,6.204755478079788,,,lseg_backfill
2026-04-15,GD46D,bonares,73.1115,94.08834254143648,77.70516306821085,8.610579312930195,8.260797881373794,0.6812025686311118,8.288355778321677,0.6906963148601397,6.675917628233767,,,lseg_backfill
2026-04-15,PAP0,cer,34015.5425,54777.852737619,62.09725427342215,8.662412174872214,8.308520911684546,0.6851509104988107,8.336398480559737,0.6946998733799781,6.965839708791706,,,lseg_backfill
2026-04-15,PARP,cer,33712.2525,54777.852737619,61.543581603095454,8.802333780284705,8.437234852217035,0.6958007424828327,8.46598382022492,0.70549865168541,6.95350841918019,,,lseg_backfill
2026-04-15,T15E7,tasa_fija,131.225,134.0720056581411,97.8765099812108,31.31869686239532,27.25586973055449,2.2646346289017405,27.55735592046697,2.296446326705581,0.5733448354656437,,,lseg_backfill
2026-04-15,T30A7,tasa_fija,118.075,114.77458351973245,102.87556389146046,31.778421821211666,27.605604402753613,2.294013064365452,27.91490545413655,2.326242121178046,0.7894944291575463,,,lseg_backfill
2026-04-15,T30J6,tasa_fija,136.925,137.37799630564464,99.67025555924052,31.24875174700122,27.202552156818328,2.260156559033488,27.50285580543244,2.291904650452703,0.1585361057171302,,,lseg_backfill
2026-04-15,T31Y7,tasa_fija,111.225,109.91947022964608,101.18771475847396,31.65297280837368,27.51029022196128,2.2860056674940177,27.81745148402708,2.3181209570022565,0.8547142153403182,,,lseg_backfill
2026-04-15,TX26,cer,1340.594,1425.390274134429,94.05101355936203,24.41095135007896,21.84853893158989,1.8114442454186583,22.041994378609164,1.836832864884097,0.3018014345637161,,,lseg_backfill
2026-04-15,TX28,cer,1951.9655,2140.383703702867,91.19698942872238,10.024660505820307,9.554684466560936,0.7883046504164826,9.591563604137043,0.7992969670114203,1.2314093545670068,,,lseg_backfill
2026-04-15,TX31,cer,1378.5,1703.04372409574,80.94331228823486,9.67775228613997,9.23880462395188,0.7621473880181862,9.273282776231362,0.7727735646859468,3.0557901770740115,,,lseg_backfill
2026-04-15,TY30P,tasa_fija,117.95,232.75,50.67669172932331,28.35271976365788,24.9697281606186,2.0727948249062544,25.222609347553515,2.1018841122961263,2.1592062306157507,,,lseg_backfill
2026-04-15,TZX26,cer,373.225,397.44885510910814,93.905164199691,35.285801899361694,30.234455888962785,2.5151033158569147,30.605724702805222,2.550477058567102,0.153805245562152,,,lseg_backfill
2026-04-15,TZX27,cer,356.375,397.44885510910814,89.66562500278621,9.45526223388662,9.035689793104652,0.74533139599815,9.068666867667474,0.7557222389722895,1.1030919596586155,,,lseg_backfill
2026-04-15,TZX28,cer,316.45,397.4488542941703,79.62030751402814,10.865603639063895,10.316307990040574,0.8513998881164442,10.359309389921467,0.8632757824934556,1.9929044831692952,,,lseg_backfill
2026-04-15,TZXA7,cer,109.975,122.17245542588824,90.01619850941981,10.638493206589152,10.111188475466548,0.8344034001252831,10.15249467717778,0.8460412230981484,0.9403447832279748,,,lseg_backfill
2026-04-15,TZXD6,cer,269.825,293.8376877313334,91.8279074693478,13.61198840003253,12.764115939153054,1.0544424973893296,12.829986555298234,1.0691655462748528,0.5879974476884003,,,lseg_backfill
2026-04-15,TZXD7,cer,250.625,293.8376877313334,85.29368779581318,10.010173383140572,9.541512995340671,0.787213820916155,9.57829039875051,0.7981908665625426,1.5156335801384866,,,lseg_backfill
2026-04-15,TZXM7,cer,203.025,220.42653392464743,92.1055176004373,8.960848841486735,8.5828536344007,0.707850599228288,8.612604651997202,0.7177170543331002,0.8794422819615402,,,lseg_backfill
2026-04-15,TZXM8,cer,85.375,110.14851737896304,77.50898698551664,13.87918679814648,12.999107754274595,1.073955550139738,13.067430271230052,1.0889525226025043,1.7213866894406826,,,lseg_backfill
2026-04-15,TZXM9,cer,80.31,109.72127940973236,73.19455299103672,11.152071791718974,10.574440853597377,0.8727930714295562,10.61962415373845,0.8849686794782041,2.6552839735266995,,,lseg_backfill
2026-04-15,TZXO6,cer,155.025,165.87224680695547,93.460481174057,13.28761036809186,12.47809479199824,1.030697027433769,12.54104171750754,1.045086809792295,0.4785116872805363,,,lseg_backfill
2026-04-15,TZXS7,cer,95.075,110.14851737896304,86.31527891827812,10.610747540982256,10.086100622335724,0.8323247758078134,10.127201832760235,0.8439334860633529,1.3192881360834632,,,lseg_backfill
2026-04-15,TZXS8,cer,85.8,126.77315443749164,67.67994405495811,17.18756275993398,15.864003061770491,1.3121413936577395,15.965835412356366,1.3304862843630303,2.100331980343292,,,lseg_backfill
2026-04-15,TZXY7,cer,109.475,120.73144600990013,90.67645888298472,9.11039655538767,8.720041078595253,0.7192040435598068,8.750751865940476,0.7292293221617063,1.02879180917864,,,lseg_backfill
2026-04-16,AE38D,bonares,80.7361,101.33857900552486,79.66965867520044,9.815732951966789,9.364563114640069,0.772560364770225,9.399987444912927,0.7833322870760773,4.916834973441589,,,lseg_backfill
2026-04-16,AL29D,bonares,62.5656,70.18756906077348,89.14057123965381,8.171678713780432,7.855784942311872,0.6477000433136482,7.880704226391266,0.6567253521992722,1.6423482233851006,,,lseg_backfill
2026-04-16,AL30D,bonares,62.397,72.14469613259668,86.4886864105975,8.361169774796602,8.030846000001368,0.6621797087830839,8.056889463113848,0.6714074552594873,2.0896168974556453,,,lseg_backfill
2026-04-16,AL35D,bonares,77.2479,101.10397790055248,76.40441217454598,9.79618178840387,9.34675335693258,0.7710856290053414,9.382042910316546,0.7818369091930455,5.705917106696102,,,lseg_backfill
2026-04-16,AL41D,bonares,71.7028,100.9378453038674,71.03658670753568,9.872288406102427,9.416063424027898,0.7768249617452927,9.451878936290116,0.7876565780241762,6.201672174269181,,,lseg_backfill
2026-04-16,AN29D,bonares,96.5104,100.0,96.5104,7.502631719481662,7.235231248107765,0.5963889683979984,7.256365711294688,0.6046971426078906,3.303515664564026,,,lseg_backfill
2026-04-16,AO27D,bonares,98.1753,100.26666666666668,97.9141954787234,7.708429085526752,7.426521381225015,0.6122032791374021,7.448789259458088,0.620732438288174,1.4664877026225078,,,lseg_backfill
2026-04-16,BPA7D,bopreales,99.625,102.3076923076923,97.37781954887218,7.338096810245767,7.082031980667591,0.5837254331092501,7.10228010855678,0.591856675713065,1.233749905021255,,,lseg_backfill
2026-04-16,BPA8D,bopreales,88.0,101.3846153846154,86.79817905918058,9.206430321895866,8.808038722027511,0.7264872589355598,8.839373184390542,0.7366144320325452,2.4212300685965085,,,lseg_backfill
2026-04-16,BPB7D,bopreales,99.625,102.3076923076923,97.37781954887218,7.338096810245767,7.082031980667591,0.5837254331092501,7.10228010855678,0.591856675713065,1.233749905021255,,,lseg_backfill
2026-04-16,BPB8D,bopreales,86.875,101.3846153846154,85.68854324734446,9.78843749285093,9.33969796483991,0.7705014135167776,9.37493419714297,0.7812445164285808,2.4201056144114053,,,lseg_backfill
2026-04-16,BPC7D,bopreales,99.625,102.3076923076923,97.37781954887218,7.338096810245767,7.082031980667591,0.5837254331092501,7.10228010855678,0.591856675713065,1.233749905021255,,,lseg_backfill
2026-04-16,BPD7D,bopreales,99.625,100.0,99.625,5.209318713879612,5.078522406230634,0.4182560234649246,5.088929222533878,0.4240774352111565,1.2659171408503334,,,lseg_backfill
2026-04-16,CUAP,cer,41954.06,55268.30566931664,75.90979946268132,9.210198897469084,8.811490368713649,0.7267729483960261,8.842849422364818,0.7369041185304015,10.098799028166304,,,lseg_backfill
2026-04-16,DICP,cer,49907.5,44539.01689245497,112.05343871982603,9.987958570412548,9.521312265757588,0.7855408673541397,9.557933915913264,0.796494492992772,3.219005401906651,,,lseg_backfill
2026-04-16,DIP0,cer,51427.4775,44539.01689245497,115.4661263048937,8.97499372654296,8.595837468130751,0.7089250704575889,8.62567866700541,0.7188065555837841,3.265117288624351,,,lseg_backfill
2026-04-16,GD29D,bonares,63.295539999999995,70.18756906077348,90.18055596881284,7.412012628754434,7.150884316158623,0.5894166141748869,7.1715284363484955,0.597627369695708,1.6493639259061563,,,lseg_backfill
2026-04-16,GD30D,bonares,62.787023999999995,72.14469613259668,87.02929995657898,8.038895388294208,7.732930916484637,0.6375397327033738,7.757076115608275,0.6464230096340229,2.0945128503445805,,,lseg_backfill
2026-04-16,GD35D,bonares,77.6229,101.10397790055248,76.77531746213899,9.703072133729544,9.261893482958804,0.7640590994842933,9.296544388331627,0.7747120323609691,5.710526684116282,,,lseg_backfill
2026-04-16,GD38D,bonares,81.0111,101.33857900552486,79.9410262064,9.739865066309996,9.295435037341091,0.7668363357384189,9.33033767485858,0.7775281395715483,4.923568472709452,,,lseg_backfill
2026-04-16,GD41D,bonares,71.8528,100.9378453038674,71.18519301030392,9.835285964270604,9.38237139416065,0.7740349989940887,9.417930747609129,0.7848275623007606,6.206732131828287,,,lseg_backfill
2026-04-16,GD46D,bonares,73.2479,94.0989502762431,77.84135719364416,8.583993361034592,8.23631111837464,0.679176726220021,8.263705708268532,0.688642142355711,6.679660377717754,,,lseg_backfill
2026-04-16,PAP0,cer,34724.223,54780.48540724241,63.38794324631739,8.34528719435487,8.016184626237877,0.6609669587009703,8.04213298574048,0.6701777488117067,6.991093208002015,,,lseg_backfill
2026-04-16,PARP,cer,34171.0355,54780.48540724241,62.378117400694514,8.594839360788606,8.246301455408055,0.6800032434664871,8.273762614091318,0.6894802178409432,6.9690251784679935,,,lseg_backfill
2026-04-16,T15E7,tasa_fija,134.625,134.16158187193835,100.3454179069713,27.04266984149908,23.94313233471046,1.9867620550554577,24.17558514085147,2.014632095070956,0.5904875240815736,,,lseg_backfill
2026-04-16,T30A7,tasa_fija,122.275,114.86989972267452,106.4465106134882,27.506261422858262,24.307619045931705,2.0172994470395,24.5472257133712,2.045602142780933,0.813799602265686,,,lseg_backfill
2026-04-16,T30J6,tasa_fija,138.575,137.47433599938816,100.80063234538316,24.26115147056131,21.7279871549374,1.8013629130963604,21.919307666396204,1.826608972199684,0.1652477919324241,,,lseg_backfill
2026-04-16,T31Y7,tasa_fija,115.075,110.00542071031607,104.60848134296394,27.8075242158062,24.54377122729534,2.037089445644269,24.788071153372385,2.065672596114365,0.8782885276994808,,,lseg_backfill
2026-04-16,TO26,tasa_fija,95.69,107.75,88.80742459396751,26.570060970596625,23.57018810393674,1.9555252221781887,23.795433959971835,1.9829528299976529,0.3980124059111701,,,lseg_backfill
2026-04-16,TX26,cer,1344.921,1425.468347765044,94.34941169396484,23.32749648368014,20.97334386730809,1.7382766026169172,21.15157051287761,1.7626308760731346,0.2995684701608225,,,lseg_backfill
2026-04-16,TX28,cer,1951.771,2140.51545295453,91.18228963523678,10.056988024383283,9.584069919157724,0.790738323907969,9.621176532583233,0.8017647110486026,1.228418747563012,,,lseg_backfill
2026-04-16,TX31,cer,1373.5,1703.1602432339514,80.64420276696957,9.817521380229662,9.366192091223358,0.7726952531063036,9.401628761777747,0.7834690634814789,3.0502249899600016,,,lseg_backfill
2026-04-16,TY30P,tasa_fija,121.8,232.75,52.33082706766917,26.72180333882493,23.690081907047468,1.9655662045816369,23.917632193795857,1.9931360161496547,2.1968599304146306,,,lseg_backfill
2026-04-16,TZX26,cer,376.775,397.44885510910814,94.79836088509232,29.71194352451616,26.02387156541919,2.1612091931420885,26.29863052647332,2.1915525438727768,0.1583037023850449,,,lseg_backfill
2026-04-16,TZX27,cer,362.075,397.44885510910814,91.09977179343056,8.045143437523015,7.738715122925122,0.6380180776423439,7.762896492944105,0.6469080410786754,1.1149546458186848,,,lseg_backfill
2026-04-16,TZX28,cer,320.15,397.4488542941703,80.55124490635521,10.297241345395932,9.80218891768503,0.8088044947642148,9.84100593136592,0.8200838276138267,2.000691683229108,,,lseg_backfill
2026-04-16,TZXA7,cer,112.775,122.17245542588824,92.30804079927093,8.018804879258315,7.714329625859828,0.6360014495968125,7.738358687756897,0.6448632239797414,0.9606155608580652,,,lseg_backfill
2026-04-16,TZXD6,cer,275.775,293.8376877313334,93.85283492026088,10.005385097155708,9.53715917832465,0.7868532507942394,9.573902984581473,0.7978252487151227,0.6047865208466985,,,lseg_backfill
2026-04-16,TZXD7,cer,254.175,293.8376877313334,86.50183778753444,9.101672655944926,8.712043370027178,0.7185421302293937,8.74269778585628,0.7285581488213566,1.5257449661892175,,,lseg_backfill
2026-04-16,TZXM7,cer,205.475,220.42653392464743,93.21699903435464,7.627992263323093,7.351798202213322,0.6060254890780437,7.373619807348852,0.614468317279071,0.8877894166894323,,,lseg_backfill
2026-04-16,TZXM8,cer,85.375,110.14851737896304,77.50898698551664,13.899888879364106,13.01729156612186,1.0754656340331792,13.085805686576713,1.090483807214726,1.718670081296379,,,lseg_backfill
2026-04-16,TZXM9,cer,82.3,109.72127940973236,75.00823946161525,10.244036155101698,9.75392634737049,0.8048067748622767,9.792361577158548,0.816030131429879,2.6746710303610555,,,lseg_backfill
2026-04-16,TZXO6,cer,156.975,165.87224680695547,94.6360847108376,10.76236427424325,10.223117206495491,0.8436776270448698,10.265344199814486,0.8554453499845405,0.4869493429461277,,,lseg_backfill
2026-04-16,TZXS7,cer,98.275,110.14851737896304,89.22044739094171,8.145678888687062,7.831741182895091,0.645711491049239,7.856508007624807,0.6547090006354006,1.346828309481946,,,lseg_backfill
2026-04-16,TZXS8,cer,86.5,126.77315443749164,68.23211143069787,16.82153953176418,15.55103998575369,1.2860954378146383,15.648886134843032,1.3040738445702529,2.104569086059791,,,lseg_backfill
2026-04-16,TZXY7,cer,110.625,120.73144600990013,91.62898619712432,8.11995185326884,7.807944015248869,0.6437433706887541,7.832560405818167,0.652713367151514,1.0356839350582587,,,lseg_backfill
2026-04-17,AE38D,bonares,80.6528,101.352391160221,79.57661292124973,9.844625495394997,9.390876434875684,0.7747392756294325,9.42650036476742,0.7855416970639517,4.911495953664749,,,lseg_backfill
2026-04-17,AL29D,bonares,62.3214,70.18950276243093,88.79020016844692,8.444639933825814,8.10786295513144,0.6685505796983904,8.134408865570197,0.6778674054641831,1.6370629071407503,,,lseg_backfill
2026-04-17,AL30D,bonares,62.1515,72.14618784530387,86.14661682924326,8.577843579159804,8.230646063039693,0.6787080496571285,8.258002940839049,0.6881669117365874,2.0835570051575543,,,lseg_backfill
2026-04-17,AL35D,bonares,77.1573,101.1153591160221,76.30621171158373,9.823779103046782,9.371891683312429,0.7731672124550837,9.407371547948618,0.7839476289957181,5.701772788077296,,,lseg_backfill
2026-04-17,AL41D,bonares,71.6069,100.9475138121547,70.93478313220042,9.900658076725744,9.441887348136667,0.778963434544222,9.477899822300271,0.7898249851916894,6.195018529733773,,,lseg_backfill
2026-04-17,AN29D,bonares,96.9231,100.0,96.9231,7.370296630663311,7.112031815375119,0.58620511452252,7.132452009832324,0.5943710008193603,3.3014780161472888,,,lseg_backfill
2026-04-17,AO27D,bonares,98.2878,100.28333333333332,98.01010470334052,7.639356407794169,7.362358498659072,0.6068985465776278,7.384242898979476,0.6153535749149563,1.4637530136673695,,,lseg_backfill
2026-04-17,BPA7D,bopreales,99.625,102.32142857142856,97.3647469458988,7.355250466964623,7.098014766376171,0.5850465069210831,7.118354474088751,0.5931962061740625,1.2309546104440685,,,lseg_backfill
2026-04-17,BPA8D,bopreales,88.0,101.39285714285714,86.79112363508278,9.217477691482898,8.818156695963308,0.7273247160773932,8.849563271292826,0.7374636059410689,2.418430993895439,,,lseg_backfill
2026-04-17,BPB7D,bopreales,99.625,102.32142857142856,97.3647469458988,7.355250466964623,7.098014766376171,0.5850465069210831,7.118354474088751,0.5931962061740625,1.2309546104440685,,,lseg_backfill
2026-04-17,BPB8D,bopreales,86.875,101.39285714285714,85.68157802042973,9.80021955137828,9.35043173883976,0.7713902154574459,9.385749107600816,0.7821457589667347,2.417305021373052,,,lseg_backfill
2026-04-17,BPC7D,bopreales,99.625,102.32142857142856,97.3647469458988,7.355250466964623,7.098014766376171,0.5850465069210831,7.118354474088751,0.5931962061740625,1.2309546104440685,,,lseg_backfill
2026-04-17,BPD7D,bopreales,99.625,100.0,99.625,5.221068589910822,5.089691432562771,0.4191777410731401,5.100144104256099,0.4250120086880082,1.2631310162779357,,,lseg_backfill
2026-04-17,CUAP,cer,41921.9635,55273.28301179957,75.84489506630288,9.22108836754791,8.82146339093859,0.7275984102089295,8.852893551804186,0.7377411293170155,10.09294934011929,,,lseg_backfill
2026-04-17,DICP,cer,50607.5,44546.03028379647,113.60720512599384,9.52313429122614,9.0976949225402,0.7504645481319017,9.131126682147706,0.7609272235123088,3.237289422919818,,,lseg_backfill
2026-04-17,DIP0,cer,51125.3415,44546.03028379647,114.76969142769326,9.180135083733171,8.78395154887368,0.7244936086962195,8.81511467107483,0.7345928892562359,3.2529375374198524,,,lseg_backfill
2026-04-17,GD29D,bonares,63.19642,70.18950276243093,90.03685382114718,7.527302552150263,7.258182220961862,0.5982862411091361,7.279451105416879,0.6066209254514066,1.6455178955205858,,,lseg_backfill
2026-04-17,GD30D,bonares,62.611488,72.14618784530387,86.78419452217183,8.19479262974765,7.877155071814856,0.6494675034342645,7.902210255469377,0.6585175212891148,2.089364574621468,,,lseg_backfill
2026-04-17,GD35D,bonares,77.9073,101.1153591160221,77.04793879098759,9.637763355803084,9.202328378676516,0.7591272991212428,9.236534493974167,0.7697112078311807,5.710981267969247,,,lseg_backfill
2026-04-17,GD38D,bonares,81.2028,101.352391160221,80.11927402051333,9.69294249370911,9.252657026077916,0.7632943350726062,9.287238771446038,0.7739365642871698,4.924961028928739,,,lseg_backfill
2026-04-17,GD41D,bonares,72.0819,100.9475138121547,71.40532468598639,9.78358211323081,9.335274248429728,0.7701351132703982,9.370477069135765,0.7808730890946469,6.211033552746557,,,lseg_backfill
2026-04-17,GD46D,bonares,73.1573,94.10955801104971,77.73631238541185,8.607854384995619,8.258288384823675,0.6809949507876167,8.285829523071087,0.6904857935892572,6.671030031694197,,,lseg_backfill
2026-04-17,PAP0,cer,34667.807,54783.118076865845,63.28191643155072,8.373906758727838,8.042602092865113,0.6631521519115502,8.068721939893031,0.6723934949910859,6.985780983296183,,,lseg_backfill
2026-04-17,PARP,cer,34215.9005,54783.118076865845,62.45701541119272,8.577908299148982,8.230705683463736,0.6787129821121063,8.25806295801268,0.6881719131677233,6.967742373599766,,,lseg_backfill
2026-04-17,T15E7,tasa_fija,135.675,134.25121793341253,101.060535679679,25.839247321188587,22.99074685739821,1.9070110860897715,23.205021801063364,1.9337518167552803,0.5939587853536153,,,lseg_backfill
2026-04-17,T30A7,tasa_fija,123.475,114.96529508232764,107.4019771893583,26.389907066480973,23.427659687144665,1.943589857735728,23.65018141264557,1.9708484510537967,0.8188213929072469,,,lseg_backfill
2026-04-17,T30J6,tasa_fija,139.125,137.57074325370792,101.12978727128466,22.21349096781219,20.06543888456591,1.6624280764459654,20.228530650773813,1.6857108875644844,0.1657762630323155,,,lseg_backfill
2026-04-17,T31Y7,tasa_fija,115.875,110.09143839914417,105.25341632824085,27.09545778777051,23.98470233069416,1.9902444221497888,24.21796552871882,2.0181637940599018,0.8810550679213793,,,lseg_backfill
2026-04-17,TO26,tasa_fija,97.05,107.75,90.06960556844548,23.213224586452863,20.88059049030544,1.7305252583688313,21.057239965496063,1.7547699971246722,0.4066338623364474,,,lseg_backfill
2026-04-17,TX26,cer,1350.9135,1425.546421395659,94.76460953670026,21.735546355632057,19.673385358320083,1.6296919003225607,19.830150182152995,1.6525125151794162,0.2976001976817696,,,lseg_backfill
2026-04-17,TX28,cer,1972.293,2140.647202206192,92.13535971585212,9.148107883393894,8.754605922484116,0.722064777669118,8.785560935578118,0.7321300779648432,1.2316511111949076,,,lseg_backfill
2026-04-17,TX31,cer,1375.0,1703.276762372163,80.72675154007443,9.78743700910847,9.338786444176296,0.7704259360948429,9.374015790613743,0.7811679825511453,3.0480468196729755,,,lseg_backfill
2026-04-17,TY30P,tasa_fija,121.45,232.75,52.18045112781955,26.90293621916289,23.833010257969462,1.9775375556560395,24.06332313240034,2.005276927700028,2.189938298136033,,,lseg_backfill
2026-04-17,TZX26,cer,378.475,397.44885510910814,95.2260888752845,27.308272393360856,24.15211731857214,2.00427013476121,24.38865857545247,2.0323882146210392,0.1591420215190518,,,lseg_backfill
2026-04-17,TZX27,cer,366.375,397.44885510910814,92.18167200391665,7.0079069775558,6.773882763576378,0.5582583171581446,6.792405694278969,0.5660338078565808,1.1232034430905058,,,lseg_backfill
2026-04-17,TZX28,cer,322.95,397.4488542941703,81.25573806811626,9.87569367637366,9.41916347423122,0.7770816738230879,9.45500260232448,0.78791688352704,2.0058757400275296,,,lseg_backfill
2026-04-17,TZXA7,cer,114.075,122.17245542588824,93.37211043384464,6.850915011262804,6.627037463741714,0.5461244213367022,6.644765337013858,0.5537304447511548,0.9685528639851592,,,lseg_backfill
2026-04-17,TZXD6,cer,277.125,293.8376877313334,94.31227224105628,9.240615922780725,8.83934504175443,0.7290784814317774,8.87090290011363,0.7392419083428026,0.6065142391309057,,,lseg_backfill
2026-04-17,TZXD7,cer,256.025,293.8376877313334,87.1314370789948,8.642202237194795,8.289916122235063,0.6836116344264065,8.317668847520299,0.6931390706266916,1.529677596336707,,,lseg_backfill
2026-04-17,TZXM7,cer,208.025,220.42653392464743,94.37384705741148,6.2661430955124136,6.078160555708867,0.5007829964114974,6.093071330678512,0.5077559442232094,0.8965904343264026,,,lseg_backfill
2026-04-17,TZXM8,cer,85.625,110.14851737896304,77.7359532724435,13.750380461969437,12.885895727560936,1.0645542904251792,12.9530313803631,1.079419281696925,1.7185221307157597,,,lseg_backfill
2026-04-17,TZXM9,cer,83.75,109.72127940973236,76.32976980449911,9.602316685956144,9.169984300704373,0.7564494105357866,9.203950099837677,0.7669958416531397,2.687833191879617,,,lseg_backfill
2026-04-17,TZXO6,cer,157.675,165.87224680695547,95.05809623686142,9.905072854654582,9.445905369120489,0.7792961698162237,9.4819485378431,0.7901623781535916,0.4882565839227006,,,lseg_backfill
2026-04-17,TZXS7,cer,98.885,110.14851737896304,89.7742451310432,7.702232602843765,7.420767030046127,0.6117275211761974,7.4430003804232925,0.620250031701941,1.3498315985037062,,,lseg_backfill
2026-04-17,TZXS8,cer,87.46,126.77315443749164,68.9893695459981,16.317855881188205,15.11876979952631,1.2501309430596352,15.211241525743269,1.2676034604786055,2.1113285982214136,,,lseg_backfill
2026-04-17,TZXY7,cer,111.425,120.73144600990013,92.29161389391707,7.445314032725814,7.181889023448296,0.5919794960346225,7.20271271641284,0.60022605970107,1.0396387513090306,,,lseg_backfill
2026-04-20,AE38D,bonares,80.5417,101.3938276243094,79.43451972089271,9.893068307840112,9.434979297007317,0.7783913762326344,9.470939029658254,0.7892449191381878,4.898872086869332,,,lseg_backfill
2026-04-20,AL29D,bonares,62.1983,70.19530386740331,88.60749448067153,8.621500127497402,8.270854672013384,0.682034599901038,8.298479780574208,0.6915399817145174,1.6271086075510972,,,lseg_backfill
2026-04-20,AL30D,bonares,62.278,72.15066298342542,86.3166011576451,8.50738350219933,8.165716812669753,0.673336528479207,8.192643317365622,0.6827202764471352,2.076290137991482,,,lseg_backfill
2026-04-20,AL35D,bonares,77.0438,101.14950276243094,76.16824393190758,9.867255135044884,9.41148111797363,0.7764455066918252,9.447261737051171,0.787271811420931,5.691286385216135,,,lseg_backfill
2026-04-20,AL41D,bonares,71.4917,100.97651933701655,70.80032117307508,9.943263278559744,9.4806568951179,0.7821740135481869,9.51696608544097,0.7930805071200808,6.180870322712044,,,lseg_backfill
2026-04-20,AN29D,bonares,96.9587,100.0,96.9587,7.377645178296412,7.118877031339177,0.5867709244127495,7.139336589297507,0.5949447157747922,3.293103603964532,,,lseg_backfill
2026-04-20,AO27D,bonares,98.2545,100.33333333333331,97.928073089701,7.709812298337698,7.427805853944869,0.6123094770061899,7.4500814430702,0.62084012025585,1.455375728629316,,,lseg_backfill
2026-04-20,BPA7D,bopreales,99.5,102.36263736263736,97.20343531937736,7.517558815400847,7.249118369755392,0.5975369616554316,7.27033411724447,0.6058611764370392,1.22245561952464,,,lseg_backfill
2026-04-20,BPA8D,bopreales,87.875,101.41758241758242,86.64671145302849,9.315237929371142,8.907648086028729,0.7347321446053323,8.939696102642536,0.7449746752202113,2.4099091209700627,,,lseg_backfill
2026-04-20,BPB7D,bopreales,99.5,102.36263736263736,97.20343531937736,7.517558815400847,7.249118369755392,0.5975369616554316,7.27033411724447,0.6058611764370392,1.22245561952464,,,lseg_backfill
2026-04-20,BPB8D,bopreales,86.75,101.41758241758242,85.53743634196553,9.90141108103927,9.442572691193863,0.7790201882315051,9.47859039991803,0.7898825333265025,2.4087756517200165,,,lseg_backfill
2026-04-20,BPC7D,bopreales,99.5,102.36263736263736,97.20343531937736,7.517558815400847,7.249118369755392,0.5975369616554316,7.27033411724447,0.6058611764370392,1.22245561952464,,,lseg_backfill
2026-04-20,BPD7D,bopreales,99.5,100.0,99.5,5.362011750411229,5.223570273571676,0.4302266535821442,5.234580452675441,0.4362150377229534,1.254697628317117,,,lseg_backfill
2026-04-20,CUAP,cer,42004.2545,55288.21503924833,75.97325120766111,9.207700164292698,8.809201786754151,0.7265835245912067,8.840544534299077,0.7367120445249231,10.088392796718717,,,lseg_backfill
2026-04-20,DICP,cer,50797.5,44567.07045782093,113.97989474779511,9.42151086709594,9.004841651863105,0.7427776981989265,9.03759367869732,0.75313280655811,3.233582882966904,,,lseg_backfill
2026-04-20,DIP0,cer,51024.8345,44567.07045782093,114.48998997654738,9.270703523403467,8.866890432689068,0.7313584653345861,8.898645507533498,0.7415537922944582,3.240463570590068,,,lseg_backfill
2026-04-20,GD29D,bonares,63.12831,70.19530386740331,89.93238368089034,7.637938301849656,7.361040763816162,0.6067896043222332,7.382917323489568,0.6152431102907974,1.6361606210832722,,,lseg_backfill
2026-04-20,GD30D,bonares,62.433,72.15066298342542,86.53142939842732,8.377616879319989,8.046026233294533,0.6634353924358738,8.072168349373232,0.6726806957811027,2.078256380507553,,,lseg_backfill
2026-04-20,GD35D,bonares,77.7188,101.14950276243094,76.83557296622362,9.69911237795304,9.258282980740052,0.7637601547903827,9.292906843437798,0.7744089036198165,5.6996115759631385,,,lseg_backfill
2026-04-20,GD38D,bonares,81.0667,101.3938276243094,79.95230271843893,9.74760870972602,9.30249294921126,0.7674207393286503,9.3374486732543,0.7781207227711917,4.911769557696148,,,lseg_backfill
2026-04-20,GD41D,bonares,71.9917,100.97651933701655,71.29548579479393,9.819531496546134,9.368022959157509,0.772846859378129,9.40347350197488,0.78362279183124,6.197776998549728,,,lseg_backfill
2026-04-20,GD46D,bonares,73.2938,94.14138121546962,77.8550293757068,8.588693136234314,8.240640241034658,0.6795348809536694,8.268063667313363,0.689005305609447,6.667396016023682,,,lseg_backfill
2026-04-20,PAP0,cer,35040.264,54791.0160857361,63.95257197853304,8.218458905713122,7.89903117270585,0.651276842028059,7.92422585715693,0.6603521547630775,6.991224749021573,,,lseg_backfill
2026-04-20,PARP,cer,34486.674,54791.0160857361,62.94220560910168,8.46561811896563,8.12720998915395,0.670151034737132,8.153882872834295,0.6794902394028579,6.969332298574542,,,lseg_backfill
2026-04-20,T15E7,tasa_fija,136.375,134.52048560388462,101.37861113702508,25.285788824862536,22.549687955513708,1.8700980699862144,22.755796721110944,1.896316393425912,0.590026785527148,,,lseg_backfill
2026-04-20,T30A7,tasa_fija,123.175,115.2519567591946,106.8745411909662,26.927313931033385,23.85223069052067,1.9791475186670129,24.082916346037475,2.006909695503123,0.8088834572930437,,,lseg_backfill
2026-04-20,T30J6,tasa_fija,138.925,137.86037085407577,100.7722517641064,24.1693180337607,21.65401231973385,1.7951771286703666,21.8440286569078,1.820335721408984,0.1565502726152742,,,lseg_backfill
2026-04-20,T31Y7,tasa_fija,116.225,110.34989524030992,105.3240691773162,26.975847574877328,23.89048573675468,1.9823519530418168,24.121914253099508,2.0101595210916257,0.875416420370925,,,lseg_backfill
2026-04-20,TO26,tasa_fija,97.15,107.75,90.16241299303944,23.384527778834112,21.019603552750453,1.7421427102394915,21.19861942798149,1.7665516189984576,0.3994124308415251,,,lseg_backfill
2026-04-20,TX26,cer,1352.4095,1425.7806422875033,94.85396700506554,21.94915539054996,19.848796236403675,1.644337317555089,20.00837628122696,1.6673646901022463,0.2891576144970626,,,lseg_backfill
2026-04-20,TX28,cer,1983.817,2141.042449961179,92.65659352228025,8.694393895314127,8.337955475223424,0.6875862395278265,8.36603113214558,0.6971692610121316,1.226338718221102,,,lseg_backfill
2026-04-20,TX31,cer,1414.0,1703.6263197867963,82.99942209022446,8.812582775016589,8.446656417012143,0.6965803284912919,8.475469697324733,0.7062891414437278,3.059251268722137,,,lseg_backfill
2026-04-20,TY30P,tasa_fija,122.15,232.75,52.48120300751879,26.707605053511905,23.678869713059104,1.96462715437844,23.90620399455932,1.9921836662132764,2.187483411631797,,,lseg_backfill
2026-04-20,TZX26,cer,378.025,397.44885510910814,95.11286676023362,29.403241302336266,25.785428218624283,2.1412037128933914,26.055158554586026,2.1712632128821685,0.1502183437833791,,,lseg_backfill
2026-04-20,TZX27,cer,367.375,397.44885510910814,92.4332767040297,6.8136105354842655,6.592112404179118,0.543238755671549,6.6096537558633095,0.5508044796552758,1.1175569641408567,,,lseg_backfill
2026-04-20,TZX28,cer,323.25,397.4488542941703,81.33121947830494,9.867939895591173,9.412104538470969,0.7764971312846702,9.447889903742634,0.7873241586452195,1.9985414611092176,,,lseg_backfill
2026-04-20,TZXA7,cer,112.875,122.17245542588824,92.38989230962277,8.014429231881536,7.710277867854165,0.6356663817272068,7.734281669789667,0.6445234724824722,0.9505156417301132,,,lseg_backfill
2026-04-20,TZXD6,cer,278.725,293.8376877313334,94.85679054718418,8.403925620026996,8.070303714445949,0.6654436167749189,8.096603992937546,0.6747169994114621,0.6036186737537165,,,lseg_backfill
2026-04-20,TZXD7,cer,257.975,293.8376877313334,87.79506876458817,8.189388138032715,7.87215871977931,0.6490542672679123,7.897182096850042,0.6580985080708368,1.528488055887677,,,lseg_backfill
2026-04-20,TZXM7,cer,208.325,220.42653392464743,94.50994682482992,6.160228396423259,5.978425103980611,0.4925462086495136,5.992850183548981,0.4994041819624151,0.8897480118763563,,,lseg_backfill
2026-04-20,TZXM8,cer,85.875,110.14851737896304,77.96291955937033,13.64190365120389,12.790452758547064,1.0566292508449535,12.85659593594115,1.0713829946617626,1.7129349712633948,,,lseg_backfill
2026-04-20,TZXM9,cer,83.5,109.72127940973236,76.10191974538121,9.742038207753264,9.297415788287577,0.7670003439676387,9.332333320061004,0.777694443338417,2.6769266751099905,,,lseg_backfill
2026-04-20,TZXO6,cer,158.175,165.87224680695547,95.35953304116413,9.409023950100392,8.993426429866002,0.7418327291724314,9.026095374529053,0.7521746145440877,0.4829630891849398,,,lseg_backfill
2026-04-20,TZXS7,cer,99.555,110.14851737896304,90.38251478000716,7.2455055761751295,6.995716815272779,0.5765912530166561,7.015473943294737,0.5846228286078947,1.3479214889606432,,,lseg_backfill
2026-04-20,TZXS8,cer,87.47,126.77315443749164,68.99725765136581,16.37143553374272,15.16484143468544,1.25396347428941,15.257878714653206,1.2714898928877671,2.103298453327396,,,lseg_backfill
2026-04-20,TZXY7,cer,112.275,120.73144600990013,92.9956558217594,6.768221167106514,6.549601728198407,0.5397264402539736,6.566917379711779,0.5472431149759815,1.0385389553817093,,,lseg_backfill
2026-04-21,AE38D,bonares,80.1806,101.40763977900552,79.06761282950185,9.999961300931934,9.532227286310755,0.7864448077339325,9.568933053169726,0.7974110877641438,4.886643677683668,,,lseg_backfill
2026-04-21,AL29D,bonares,62.0753,70.19723756906077,88.42983306704865,8.769396486203892,8.40695068402586,0.6932949229100593,8.435493417808182,0.7029577848173485,1.6229775821275616,,,lseg_backfill
2026-04-21,AL30D,bonares,62.0295,72.1521546961326,85.97040554261483,8.728880897918085,8.36968611310196,0.6902116027575955,8.397976097322957,0.6998313414435797,2.07016256838264,,,lseg_backfill
2026-04-21,AL35D,bonares,76.6802,101.16088397790055,75.8002470764801,9.963752216121009,9.499295922787532,0.7837175816312048,9.535748198133565,0.794645683177797,5.683728640300573,,,lseg_backfill
2026-04-21,AL41D,bonares,71.0014,100.98618784530387,70.30803074650545,10.07066734004929,9.596501714583038,0.7917679297424707,9.633704774883345,0.8028087312402787,6.160746025405384,,,lseg_backfill
2026-04-21,AN29D,bonares,96.8847,100.0,96.8847,7.4090197217312355,7.148097351368898,0.5891862438132334,7.168725368207163,0.5973937806839302,3.2901504134669786,,,lseg_backfill
2026-04-21,AO27D,bonares,98.2357,100.35,97.89307424015944,7.739303299175355,7.455187738027891,0.6145733871661063,7.47762802305445,0.6231356685878708,1.4525795535655368,,,lseg_backfill
2026-04-21,BPA7D,bopreales,99.375,102.37637362637362,97.06829464645112,7.646205502809689,7.368722582785536,0.6074246917245452,7.390644869810803,0.6158870724842336,1.2195466518181413,,,lseg_backfill
2026-04-21,BPA8D,bopreales,87.75,101.42582417582418,86.51642785557571,9.391146938525589,8.977081458694357,0.7404796831082638,9.009631625666437,0.750802635472203,2.406984847639207,,,lseg_backfill
2026-04-21,BPB7D,bopreales,99.375,102.37637362637362,97.06829464645112,7.646205502809689,7.368722582785536,0.6074246917245452,7.390644869810803,0.6158870724842336,1.2195466518181413,,,lseg_backfill
2026-04-21,BPB8D,bopreales,86.625,101.42582417582418,85.40724288306834,9.97928668166659,9.51342550068146,0.7848877204220228,9.54998643160474,0.7958322026337283,2.405846903564,,,lseg_backfill
2026-04-21,BPC7D,bopreales,99.375,102.37637362637362,97.06829464645112,7.646205502809689,7.368722582785536,0.6074246917245452,7.390644869810803,0.6158870724842336,1.2195466518181413,,,lseg_backfill
2026-04-21,BPD7D,bopreales,99.375,100.0,99.375,5.480088083295088,5.33559099865355,0.4394725364760266,5.34707880737475,0.4455899006145625,1.2518361248220158,,,lseg_backfill
2026-04-21,CUAP,cer,41897.919,55293.19238173125,75.77410020160634,9.237772171846332,8.836741178237851,0.7288629573239946,8.868280425597153,0.7390233687997627,10.077131594712862,,,lseg_backfill
2026-04-21,DICP,cer,50567.5,44574.08384916243,113.44596598130686,9.583826492814854,9.15310838511918,0.755052216949359,9.186949133492028,0.765579094457669,3.223418849655344,,,lseg_backfill
2026-04-21,DIP0,cer,50893.8885,44574.08384916243,114.17820425030747,9.365703753660258,8.953814132916182,0.7385536308709417,8.98619559196181,0.7488496326634841,3.2333493084041858,,,lseg_backfill
2026-04-21,GD29D,bonares,63.02527,70.19723756906077,89.78311993829541,7.759171204579429,7.473630530793529,0.6160982488492728,7.496182087631986,0.6246818406359989,1.6322621582415602,,,lseg_backfill
2026-04-21,GD30D,bonares,62.254512,72.1521546961326,86.2822631731286,8.539000203674126,8.194856931950213,0.6757472223036354,8.221976164295963,0.6851646803579969,2.0730337171757673,,,lseg_backfill
2026-04-21,GD35D,bonares,77.2802,101.16088397790055,76.39336170380095,9.813158062363597,9.362217749119496,0.7723661557463402,9.397624315911646,0.7831353596593038,5.691187615984921,,,lseg_backfill
2026-04-21,GD38D,bonares,80.6806,101.40763977900552,79.56067232786867,9.860289842201484,9.405139547798868,0.7759203714464036,9.440871905417758,0.7867393254514798,4.898996947659243,,,lseg_backfill
2026-04-21,GD41D,bonares,71.5014,100.98618784530387,70.80314796071889,9.945534913339364,9.482723598749242,0.7823451639333401,9.519048640498172,0.7932540533748478,6.177782703374152,,,lseg_backfill
2026-04-21,GD46D,bonares,72.8052,94.15198895027623,77.32730961047464,8.701695701176734,8.34467452389731,0.6881421617935812,8.372795497047392,0.6977329580872826,6.636963356813109,,,lseg_backfill
2026-04-21,PAP0,cer,35041.1625,54793.64875535953,63.95113903885169,8.22141032217008,7.901759002198361,0.6515024588061635,7.926971108838909,0.6605809257365758,6.988185136749249,,,lseg_backfill
2026-04-21,PARP,cer,34488.016,54793.64875535953,62.94163061485594,8.468476189659894,8.129845542771296,0.6703690589515254,8.156535746901383,0.6797113122417819,6.966301769984344,,,lseg_backfill
2026-04-21,T15E7,tasa_fija,136.125,134.61036145618812,101.1252020479158,25.70361157914057,22.882836030589715,1.8979786395503684,23.09509826575189,1.9245915221459908,0.5858875910457517,,,lseg_backfill
2026-04-21,T30A7,tasa_fija,123.125,115.34766940360636,106.74251212582408,27.058632521065,23.95570460673036,1.9878152368358213,24.1884023550492,2.0157001962541,0.8058926607900054,,,lseg_backfill
2026-04-21,T30J6,tasa_fija,138.875,137.95704882481786,100.66538910697328,24.78807439462853,22.151389745845183,1.8367748798550745,22.350261149706263,1.862521762475522,0.1535800243965432,,,lseg_backfill
2026-04-21,T31Y7,tasa_fija,116.275,110.43618228770906,105.28705139143584,27.00147417790592,23.91067918041489,1.984043496325172,24.14250031042924,2.011875025869103,0.8730840141550114,,,lseg_backfill
2026-04-21,TO26,tasa_fija,96.58,107.75,89.63341067285383,25.021658680247853,22.33851352919081,1.852429076816442,22.540768902321062,1.8783974085267552,0.3919923124280809,,,lseg_backfill
2026-04-21,TX26,cer,1351.402,1425.858715918118,94.77811405247294,22.497501314595013,20.29768632599072,1.681825371487622,20.46458543554195,1.7053821196284955,0.2861002840936101,,,lseg_backfill
2026-04-21,TX28,cer,1974.2845,2141.1741992128423,92.20569259268136,9.143588307391104,8.750464070223284,0.7217219761438409,8.781389766996384,0.731782480583032,1.220570024421921,,,lseg_backfill
2026-04-21,TX31,cer,1405.5,1703.742838925008,82.49484416831433,9.035830949793452,8.651661850938574,0.7135449180089237,8.68189234522223,0.7234910287685192,3.0519806842441373,,,lseg_backfill
2026-04-21,TY30P,tasa_fija,121.8,232.75,52.33082706766917,26.889064236195125,23.82207134837666,1.97662128965046,24.052172197636512,2.004347683136376,2.1805597165612056,,,lseg_backfill
2026-04-21,TZX26,cer,378.225,397.44885510910814,95.16318770025624,29.522667461303023,25.877740871041667,2.148948327445521,26.149412478079803,2.1791177065066503,0.1479660347147386,,,lseg_backfill
2026-04-21,TZX27,cer,366.725,397.44885510910814,92.26973364895622,6.98876324096977,6.75598782648712,0.5567795744005899,6.774412934748142,0.5645344112290118,1.113168389207439,,,lseg_backfill
2026-04-21,TZX28,cer,322.85,397.4488542941703,81.23057759805337,9.94290622304588,9.480332046809202,0.7821471118385492,9.516638745887374,0.7930532288239478,1.994688475892881,,,lseg_backfill
2026-04-21,TZXA7,cer,113.875,122.17245542588824,93.208407413141,7.110067295321156,6.869324931788157,0.5661455071389598,6.888373977983875,0.5740311648319896,0.9559850163889636,,,lseg_backfill
2026-04-21,TZXD6,cer,278.675,293.8376877313334,94.83977435011768,8.470546888754876,8.131754982894535,0.6705270162512766,8.158457739081193,0.6798714782567661,0.6007238886752513,,,lseg_backfill
2026-04-21,TZXD7,cer,258.325,293.8376877313334,87.91418214405363,8.114687321919583,7.803073697344454,0.6433405806247627,7.827659356736127,0.6523049463946773,1.52701179232467,,,lseg_backfill
2026-04-21,TZXM7,cer,208.475,220.42653392464743,94.57799670853916,6.097564057983322,5.919369977860467,0.4876693684354949,5.933511265050129,0.4944592720875107,0.8876930202268631,,,lseg_backfill
2026-04-21,TZXM8,cer,85.75,110.14851737896304,77.84943641590691,13.747580316877938,12.883433170496115,1.064349806186593,12.950543122899294,1.0792119269082745,1.7089366239251411,,,lseg_backfill
2026-04-21,TZXM9,cer,83.0,109.72127940973236,75.6462196271454,9.976376683869622,9.510778825334242,0.784668535416011,9.547319391149324,0.7956099492624435,2.6687331700718686,,,lseg_backfill
2026-04-21,TZXO6,cer,158.075,165.87224680695547,95.29924568030356,9.592044546996032,9.16060931652163,0.7556732329871307,9.194505618359994,0.7662088015299995,0.4796583121541665,,,lseg_backfill
2026-04-21,TZXS7,cer,99.365,110.14851737896304,90.21002040194274,7.401846511012946,7.141417414754825,0.5886340826826375,7.162006859891879,0.5968339049909899,1.3434102035393485,,,lseg_backfill
2026-04-21,TZXS8,cer,87.07,126.77315443749164,68.68173343665738,16.60959981415156,15.369376521991883,1.2709796952222296,15.464945480010872,1.288745456667573,2.0966547838304623,,,lseg_backfill
2026-04-21,TZXY7,cer,111.025,120.73144600990013,91.96030004552073,7.871897996471942,7.578207339388743,0.6247451475166255,7.601395059189198,0.6334495882657665,1.025375226120101,,,lseg_backfill
2026-04-22,AE38D,bonares,79.8194,101.42145193370166,78.70070727460819,10.107774134888768,9.630216703313652,0.7945602685916597,9.667681958895002,0.8056401632412502,4.874357344766704,,,lseg_backfill
2026-04-22,AL29D,bonares,62.2022,70.19917127071824,88.60816854962792,8.64808137937072,8.295328677079826,0.684059442370577,8.323117693237592,0.6935931411031326,1.6213096827555282,,,lseg_backfill
2026-04-22,AL30D,bonares,62.031,72.15364640883978,85.97070707766805,8.739836000078824,8.3797635310493,0.6910454127162291,8.40812175493939,0.7006768129116159,2.067219320638569,,,lseg_backfill
2026-04-22,AL35D,bonares,76.3167,101.17226519337017,75.43243185682972,10.060920610901311,9.587644021190057,0.7910343313012103,9.624778349932672,0.8020648624943894,5.676136080688316,,,lseg_backfill
2026-04-22,AL41D,bonares,70.6361,100.99585635359117,69.93960202951273,10.167779430328054,9.684713148913392,0.7990739249555734,9.722604165088631,0.8102170137573861,6.144788313706877,,,lseg_backfill
2026-04-22,AN29D,bonares,96.9408,100.0,96.9408,7.396593891184933,7.136525715196296,0.5882297384351087,7.157086937319335,0.5964239114432779,3.2874421128127413,,,lseg_backfill
2026-04-22,AO27D,bonares,98.2733,100.36666666666666,97.9142809697775,7.726253828790242,7.443072452610555,0.613571699920068,7.465439791942341,0.6221199826618617,1.4498099164192084,,,lseg_backfill
2026-04-22,AO28D,bonares,96.7498,100.37096774193547,96.39221597300336,8.032705094757349,7.727199849083655,0.6370657844479988,7.751309236359205,0.6459424363632671,2.32281419769496,,,lseg_backfill
2026-04-22,BPA7D,bopreales,99.25,102.39010989010988,96.93319023343172,7.775748677055158,7.489016316419628,0.6173703723548085,7.511660912032614,0.6259717426693845,1.2166368692042993,,,lseg_backfill
2026-04-22,BPA8D,bopreales,87.625,101.43406593406591,86.38616542982504,9.46738129272084,9.046764079981616,0.7462481725614145,9.079822133657611,0.7566518444714676,2.404059860177421,,,lseg_backfill
2026-04-22,BPB7D,bopreales,99.25,102.39010989010988,96.93319023343172,7.775748677055158,7.489016316419628,0.6173703723548085,7.511660912032614,0.6259717426693845,1.2166368692042993,,,lseg_backfill
2026-04-22,BPB8D,bopreales,86.5,101.43406593406591,85.27707058122529,10.057497976595634,9.584533392623552,0.7907767087670381,9.621643599460938,0.8018036332884115,2.4029174140107927,,,lseg_backfill
2026-04-22,BPC7D,bopreales,99.25,102.39010989010988,96.93319023343172,7.775748677055158,7.489016316419628,0.6173703723548085,7.511660912032614,0.6259717426693845,1.2166368692042993,,,lseg_backfill
2026-04-22,BPD7D,bopreales,99.25,100.0,99.25,5.598964543203799,5.448244558422855,0.4487714816180599,5.460222936741133,0.455018578061761,1.2489741421011746,,,lseg_backfill
2026-04-22,CUAP,cer,41847.4175,55298.16972421417,75.67595403013077,9.25347608712512,8.851119530219332,0.7300530719201781,8.882761614926427,0.7402301345772022,10.069923457323574,,,lseg_backfill
2026-04-22,DICP,cer,50577.5,44581.09724050392,113.45054996548645,9.585623724330391,9.154748834776072,0.75518803250616,9.188601728760126,0.7657168107300105,3.22055940116096,,,lseg_backfill
2026-04-22,DIP0,cer,50693.285,44581.09724050392,113.71026766461658,9.507904327327136,9.08378478704741,0.7493129626707118,9.117114271813788,0.7597595226511489,3.224093431102794,,,lseg_backfill
2026-04-22,GD29D,bonares,63.02723,70.19917127071824,89.78343883425612,7.770843088938413,7.484463616887815,0.6169939456226903,7.507080662063714,0.6255900551719762,1.6293765583119637,,,lseg_backfill
2026-04-22,GD30D,bonares,62.256024,72.15364640883978,86.28257489197775,8.549660885092102,8.20468063835711,0.6765599271057132,8.231864998214888,0.6859887498512407,2.0700945849785715,,,lseg_backfill
2026-04-22,GD35D,bonares,76.9417,101.17226519337017,76.05019009205894,9.902993254022917,9.444012682657489,0.779139434925824,9.480041391087113,0.7900034492572594,5.6839607288177625,,,lseg_backfill
2026-04-22,GD38D,bonares,80.3194,101.42145193370166,79.19369962530621,9.966983162135588,9.502234836264778,0.7839609662112723,9.538709698325045,0.7948924748604203,4.886779101942614,,,lseg_backfill
2026-04-22,GD41D,bonares,71.1361,100.99585635359117,70.43467184529752,10.041566285729267,9.570052757472023,0.789577429655064,9.60705077513042,0.8005875645942018,6.161924921123944,,,lseg_backfill
2026-04-22,GD46D,bonares,72.4417,94.16259668508287,76.93256404374002,8.787674959072294,8.423757940192566,0.6946856075007446,8.452415038983396,0.704367919915283,6.61323938679408,,,lseg_backfill
2026-04-22,PAP0,cer,35019.4175,54796.28142498294,63.9083831773187,8.234379576195266,7.913744880557183,0.6524938078155795,7.939033610515622,0.6615861342096352,6.984256910270038,,,lseg_backfill
2026-04-22,PARP,cer,34467.1915,54796.28142498294,62.90060311334481,8.481352248696966,8.141718268551589,0.6713512270276834,8.16848656824245,0.6807072140202042,6.962385425549425,,,lseg_backfill
2026-04-22,T15E7,tasa_fija,136.375,134.70029735636308,101.24328058401112,25.49673360702378,22.71802156819136,1.8841846886827216,22.927228189815896,1.9106023491513249,0.5846717997051815,,,lseg_backfill
2026-04-22,T30A7,tasa_fija,123.075,115.44346153395968,106.6106285835819,27.190812728194903,24.05974979740122,1.99653152711734,24.29447961155695,2.024539967629746,0.8029026009784244,,,lseg_backfill
2026-04-22,T30J6,tasa_fija,139.025,138.0537945933613,100.70349779917272,24.47586273400554,21.900731561690144,1.8158092357253075,22.095115019824263,1.8412595849853552,0.1517657320566666,,,lseg_backfill
2026-04-22,T31Y7,tasa_fija,116.175,110.52253680644137,105.11430822788464,27.17552551885327,24.04772203945471,1.9955238759336915,24.28221648977864,2.0235180408148867,0.8697363061711078,,,lseg_backfill
2026-04-22,TO26,tasa_fija,96.12,107.75,89.20649651972158,26.410964292727723,23.444329524276885,1.9449857242206825,23.667168997573107,1.972264083131092,0.3855183312904686,,,lseg_backfill
2026-04-22,TX26,cer,1352.396,1425.9367895487328,94.84263327184324,22.42011172884473,20.234454811722813,1.6765439240843838,20.40031296201672,1.70002608016806,0.2833618823304496,,,lseg_backfill
2026-04-22,TX28,cer,1981.299,2141.3059484645046,92.5275998705723,8.848137814475363,8.479334140007676,0.6992842871362592,8.508371038900187,0.7090309199083489,1.2197579482423366,,,lseg_backfill
2026-04-22,TX31,cer,1390.5,1703.8593580632191,81.60884837235537,9.429141015802143,9.011816300366624,0.7433550741748007,9.044619142073174,0.7537182618394311,3.0413144275686763,,,lseg_backfill
2026-04-22,TY30P,tasa_fija,121.2,232.75,52.07303974221268,27.178814165338256,24.050309621251653,1.995740655328704,24.284854696352376,2.023737891362698,2.1709814734016724,,,lseg_backfill
2026-04-22,TZX26,cer,378.375,397.44885510910814,95.2009284052732,29.73657541500343,26.042872991363208,2.162803582364337,26.318034692384984,2.1931695576987487,0.14561175497952,,,lseg_backfill
2026-04-22,TZX27,cer,364.975,397.44885510910814,91.8294254237584,7.437052593891276,7.174198244861207,0.5913437622647066,7.194977321786933,0.5995814434822444,1.1059752784793846,,,lseg_backfill
2026-04-22,TZX28,cer,323.2,397.4488542941703,81.31863924327348,9.901553462687607,9.442702278604663,0.7790309194493528,9.478720977141196,0.7898934147617664,1.992947834399172,,,lseg_backfill
2026-04-22,TZXA7,cer,113.675,122.17245542588824,93.04470439243735,7.314357845986311,7.059909183861568,0.5818968779546685,7.080030891824851,0.5900025743187376,0.951613897802836,,,lseg_backfill
2026-04-22,TZXD6,cer,279.125,293.8376877313334,94.99292012371616,8.23828642104811,7.917355213608035,0.6527924194118295,7.942667046537544,0.6618889205447953,0.5994834711501198,,,lseg_backfill
2026-04-22,TZXD7,cer,258.625,293.8376877313334,88.01627932645262,8.052582958194884,7.745601913288991,0.6385876074352925,7.769826384468992,0.6474855320390827,1.525355645122525,,,lseg_backfill
2026-04-22,TZXM7,cer,208.275,220.42653392464743,94.4872635302602,6.224387353198386,6.038852758178281,0.4975366306405382,6.053571148912784,0.5044642624093987,0.884055764768819,,,lseg_backfill
2026-04-22,TZXM8,cer,86.0,110.14851737896304,78.07640270283375,13.597752400660818,12.75158040679003,1.0534016847096872,12.817321490310007,1.0681101241925006,1.7087804706119942,,,lseg_backfill
2026-04-22,TZXM9,cer,83.8,109.72127940973236,76.3753398163227,9.626925935414194,9.192440647750155,0.7583086491675273,9.226573207192336,0.7688811005993612,2.674742694824796,,,lseg_backfill
2026-04-22,TZXO6,cer,158.225,165.87224680695547,95.38967672159438,9.445923956491812,9.027155725113031,0.7446249150593776,9.060070463458736,0.7550058719548947,0.4777971453282374,,,lseg_backfill
2026-04-22,TZXS7,cer,99.515,110.14851737896304,90.34620017409884,7.3039730548976305,7.05022986306536,0.5810968458190846,7.07029638362453,0.5891913653020442,1.3420840561930665,,,lseg_backfill
2026-04-22,TZXS8,cer,87.11,126.77315443749164,68.71328585812823,16.60775707289517,15.367795578637766,1.2708481586241938,15.463344837334336,1.2886120697778614,2.094340002265168,,,lseg_backfill
2026-04-22,TZXY7,cer,110.975,120.73144600990013,91.91888581447115,7.936239138942115,7.637847866798775,0.6296768263565733,7.661402362584813,0.6384501968820677,1.022227452073749,,,lseg_backfill
2026-04-23,AE38D,bonares,79.9583,101.4352640883978,78.8269254470701,10.074537086264645,9.600018269792844,0.7920591739732474,9.637248634583171,0.8031040528819311,4.874508402648363,,,lseg_backfill
2026-04-23,AL29D,bonares,61.9542,70.20110497237569,88.25245702952843,8.932318866582015,8.5566603637659,0.7056830208085563,8.586229868119766,0.7155191556766471,1.6159336684074146,,,lseg_backfill
2026-04-23,AL30D,bonares,61.9075,72.15513812154695,85.7977707640382,8.857181718805284,8.487644461846134,0.6999719461997733,8.516738367694021,0.7097281973078351,2.06267034022913,,,lseg_backfill
2026-04-23,AL35D,bonares,76.5781,101.18364640883978,75.68228930056613,9.999785812503498,9.532067709531075,0.786431592136938,9.56877224591155,0.7973976871592958,5.676387769472533,,,lseg_backfill
2026-04-23,AL41D,bonares,70.3958,101.00552486187846,69.69499945301388,10.233795814357393,9.744634641353445,0.8040371351863973,9.78299658570636,0.81524971547553,6.133071736329891,,,lseg_backfill
2026-04-23,AN29D,bonares,97.2688,100.0,97.2688,7.292692668282273,7.03971472868703,0.5802277375299703,7.059721382426609,0.5883101152022174,3.28524501387877,,,lseg_backfill
2026-04-23,AO27D,bonares,98.8195,100.38333333333334,98.4421384692014,7.329784628728742,7.074286254217688,0.5830852080495497,7.094490074308446,0.5912075061923705,1.447279453784981,,,lseg_backfill
2026-04-23,AO28D,bonares,97.234,100.38709677419357,96.8590616966581,7.811782550723774,7.52245172307775,0.6201349235158027,7.545299166260833,0.628774930521736,2.321079935218211,,,lseg_backfill
2026-04-23,BPA7D,bopreales,99.125,102.40384615384616,96.7981220657277,7.906196911148321,7.610004868353171,0.6273744580448382,7.63338777701188,0.6361156480843233,1.213726264811248,,,lseg_backfill
2026-04-23,BPA8D,bopreales,87.5,101.4423076923077,86.25592417061611,9.543942865911898,9.11669710855245,0.7520377123324318,9.150268836319864,0.7625224030266553,2.4011341538767432,,,lseg_backfill
2026-04-23,BPB7D,bopreales,99.125,102.40384615384616,96.7981220657277,7.906196911148321,7.610004868353171,0.6273744580448382,7.63338777701188,0.6361156480843233,1.213726264811248,,,lseg_backfill
2026-04-23,BPB8D,bopreales,86.375,101.4423076923077,85.14691943127963,10.13604691417119,9.655897559000204,0.7966872555878579,9.693563149164852,0.807796929097071,2.3999871781307736,,,lseg_backfill
2026-04-23,BPC7D,bopreales,99.125,102.40384615384616,96.7981220657277,7.906196911148321,7.610004868353171,0.6273744580448382,7.63338777701188,0.6361156480843233,1.213726264811248,,,lseg_backfill
2026-04-23,BPD7D,bopreales,99.125,100.0,99.125,5.718648481745487,5.561535637411352,0.4581238898388573,5.57401772033348,0.4645014766944566,1.246111676555916,,,lseg_backfill
2026-04-23,CUAP,cer,41785.328,55303.14706669708,75.55687192558096,9.272224411347729,8.86828261449779,0.7314737001698601,8.900047673277012,0.741670639439751,10.061856238407488,,,lseg_backfill
2026-04-23,DICP,cer,50407.5,44588.11063184542,113.05143744753852,9.708967647466062,9.26726876698558,0.7645041673098651,9.301959952856986,0.7751633294047489,3.2121824919984188,,,lseg_backfill
2026-04-23,DIP0,cer,50522.647,44588.11063184542,113.30968342021664,9.631126963975124,9.196273653423235,0.7586260002760747,9.23043471757179,0.7692028931309824,3.215714668165713,,,lseg_backfill
2026-04-23,GD29D,bonares,62.77019,70.20110497237569,89.41481765094755,8.055980492938623,7.7487468658307135,0.6388476924980235,7.772991032565635,0.6477492527138029,1.6239687539132937,,,lseg_backfill
2026-04-23,GD30D,bonares,62.113536,72.15513812154695,86.08331661061801,8.682085130782898,8.32662805426887,0.6866490353657939,8.354627396988068,0.6962189497490057,2.065314054655571,,,lseg_backfill
2026-04-23,GD35D,bonares,76.6031,101.18364640883978,75.70699685053816,9.993460822408478,9.526316040797678,0.7859552599493114,9.562976240584664,0.7969146867153887,5.676701162061033,,,lseg_backfill
2026-04-23,GD38D,bonares,79.9583,101.4352640883978,78.8269254470701,10.074537086264645,9.600018269792844,0.7920591739732474,9.637248634583171,0.8031040528819311,4.874508402648363,,,lseg_backfill
2026-04-23,GD41D,bonares,71.0208,101.00552486187846,70.31377748605185,10.075314860923504,9.600725042224202,0.7921177095930432,9.637960896001818,0.8031634080001515,6.154558881637031,,,lseg_backfill
2026-04-23,GD46D,bonares,72.2031,94.17320441988952,76.67053536595024,8.845896412285988,8.477274439261272,0.6991138525752172,8.506297217726999,0.7088581014772499,6.596324491004129,,,lseg_backfill
2026-04-23,PAP0,cer,35134.0425,54798.91409460636,64.11448672019964,8.187104368906997,7.870047342911191,0.6488796408970154,7.895057285113083,0.6579214404260902,6.985673637339312,,,lseg_backfill
2026-04-23,PARP,cer,34579.868,54798.91409460636,63.103199344973085,8.433981005336673,8.098031377704263,0.667737286288661,8.124512880522783,0.6770427400435652,6.963797386210792,,,lseg_backfill
2026-04-23,T15E7,tasa_fija,135.625,134.79029334452866,100.61926317894256,26.55466403482634,23.55801475664776,1.9545057703458824,23.783027293519776,1.981918941126648,0.5776208769066834,,,lseg_backfill
2026-04-23,T30A7,tasa_fija,122.575,115.53933321626482,106.08941265964027,27.782800026885333,24.52441148990858,2.035466923469542,24.76832493923178,2.064027078269315,0.7970403627083259,,,lseg_backfill
2026-04-23,T30J6,tasa_fija,138.905,138.15060820725083,100.5460647640562,25.45784873328341,22.68701272223284,1.8815896418742373,22.89564693928305,1.907970578273588,0.1483955411357151,,,lseg_backfill
2026-04-23,T31Y7,tasa_fija,116.085,110.60895884926542,104.9508115867876,27.34082358336007,24.17769977009332,2.006413548623698,24.41474396986312,2.034561997488593,0.8664573042375193,,,lseg_backfill
2026-04-23,TO26,tasa_fija,95.87,107.75,88.97447795823666,27.260538501901944,24.11459076304933,2.001126068444914,24.350395232182365,2.029199602681864,0.3807932883414127,,,lseg_backfill
2026-04-23,TX26,cer,1352.8905,1426.0148631793477,94.8721177410231,22.501977485707133,20.30134238318925,1.6821307538087638,20.46830178129735,1.7056918151081124,0.2805424518332339,,,lseg_backfill
2026-04-23,TX28,cer,1972.775,2141.437697716168,92.12385688847988,9.255304887293306,8.85279382785853,0.7301916565628286,8.884447898447778,0.7403706582039815,1.2142727169447924,,,lseg_backfill
2026-04-23,TX31,cer,1370.5,1703.9758772014302,80.42954236247036,9.961923977721316,9.49763289353145,0.7835798589865384,9.534072390949344,0.794506032579112,3.027905255117576,,,lseg_backfill
2026-04-23,TY30P,tasa_fija,121.35,232.75,52.1374865735768,27.148730819338773,24.02663687382956,1.9937574442431272,24.260719008115306,2.021726584009609,2.169294341107085,,,lseg_backfill
2026-04-23,TZX26,cer,378.225,397.44885510910814,95.16318770025624,30.511886591651106,26.639128574020287,2.212846968930094,26.927078939586742,2.243923244965562,0.1426489635442083,,,lseg_backfill
2026-04-23,TZX27,cer,366.375,397.44885510910814,92.18167200391665,7.108387162155666,6.867756019965143,0.566015849910495,6.886796358022806,0.5738996965019005,1.106812848403216,,,lseg_backfill
2026-04-23,TZX28,cer,323.3,397.4488542941703,81.34379971333638,9.898998077735746,9.44037649193663,0.7788383197060211,9.476377427722404,0.789698118976867,1.9905029319477656,,,lseg_backfill
2026-04-23,TZXA7,cer,113.275,122.17245542588824,92.71729835103004,7.706858369247817,7.425062769945701,0.6120826839409732,7.447321893531722,0.6206101577943102,0.9456041223684372,,,lseg_backfill
2026-04-23,TZXD6,cer,278.425,293.8376877313334,94.7546933647852,8.696193488503102,8.339611484655896,0.6877232545596579,8.367698307041582,0.6973081922534652,0.59443920253888,,,lseg_backfill
2026-04-23,TZXD7,cer,258.125,293.8376877313334,87.84611735578765,8.1936772368271,7.876123932197943,0.6493822202414012,7.901172549997693,0.658431045833141,1.5208359352318173,,,lseg_backfill
2026-04-23,TZXM7,cer,208.225,220.42653392464743,94.46458023569043,6.270390176313284,6.082157786879039,0.5011131267792734,6.0970881955904055,0.5080906829658671,0.8810967642498424,,,lseg_backfill
2026-04-23,TZXM8,cer,85.5,110.14851737896304,77.62247012898007,13.960501352313049,13.070511992209877,1.0798854766858268,13.139588445237482,1.0949657037697902,1.7009387764071853,,,lseg_backfill
2026-04-23,TZXM9,cer,83.45,109.72127940973236,76.05634973355762,9.7930919260799,9.343938416660592,0.7708525399790833,9.37920669131156,0.7816005576092966,2.6682009686034576,,,lseg_backfill
2026-04-23,TZXO6,cer,157.825,165.87224680695547,95.1485272781522,10.032043179619931,9.56139601584416,0.7888604891409967,9.59832704644139,0.7998605872034492,0.4727637827336544,,,lseg_backfill
2026-04-23,TZXS7,cer,99.375,110.14851737896304,90.2190990534198,7.423545473656966,7.161622860712757,0.590304266467423,7.182329088116379,0.5985274240096983,1.3380415409923647,,,lseg_backfill
2026-04-23,TZXS8,cer,86.85,126.77315443749164,68.50819511856774,16.770866589512543,15.507635747352367,1.2824836861599298,15.604935367328563,1.3004112806107138,2.089069921789715,,,lseg_backfill
2026-04-23,TZXY7,cer,110.625,120.73144600990013,91.62898619712432,8.267035133751866,7.943918033522346,0.6549894635592413,7.969400170171781,0.6641166808476484,1.0165753731663718,,,lseg_backfill
2026-04-24,AE38D,bonares,79.5,101.44907624309393,78.36443952382652,10.210691640555392,9.723667607174358,0.8023004393150623,9.76186443816811,0.8134887031806759,4.859746913834921,,,lseg_backfill
2026-04-24,AL29D,bonares,61.935,70.20303867403315,88.2226769236823,8.969307830278481,8.590618487991698,0.7084931748085221,8.620423421174372,0.7183686184311977,1.6128183290688003,,,lseg_backfill
2026-04-24,AL30D,bonares,61.787,72.15662983425415,85.62899922283859,8.972712304938874,8.593743425603261,0.7087517781757757,8.623570070728093,0.7186308392273411,2.058150956318243,,,lseg_backfill
2026-04-24,AL35D,bonares,76.2375,101.1950276243094,75.33719965276829,10.0914186029996,9.61535757176224,0.7933295981222832,9.65270715685529,0.8043922630712741,5.669069001260156,,,lseg_backfill
2026-04-24,AL41D,bonares,70.05,101.01519337016576,69.3460039652697,10.327347023337364,9.829487574272488,0.8110657845596503,9.868521373142691,0.8223767810952243,6.117655795295318,,,lseg_backfill
2026-04-24,AN29D,bonares,97.6805,100.0,97.6805,7.161121951167271,6.916988174662797,0.5700845461066972,6.936302723052101,0.5780252269210084,3.2832018632580926,,,lseg_backfill
2026-04-24,AO27D,bonares,98.93,100.4,98.5358565737052,7.261368600228474,7.010509877474647,0.5778139045793607,7.030350726458767,0.5858625605382306,1.4445443508397244,,,lseg_backfill
2026-04-24,AO28D,bonares,97.3455,100.40322580645162,96.95455421686748,7.768346294467251,7.482146352568497,0.616802349877954,7.504749381380282,0.6253957817816902,2.31855300965912,,,lseg_backfill
2026-04-24,BPA7D,bopreales,99.5,102.41758241758242,97.15128755364806,7.589069138285525,7.315619893877745,0.6030345543776683,7.337227055527684,0.6114355879606403,1.2112715722460234,,,lseg_backfill
2026-04-24,BPA8D,bopreales,87.75,101.45054945054945,86.49534228769498,9.42526538270859,9.008273680543244,0.7430618083038576,9.0410507070116,0.7534208922509666,2.3985856417617835,,,lseg_backfill
2026-04-24,BPB7D,bopreales,99.5,102.41758241758242,97.15128755364806,7.589069138285525,7.315619893877745,0.6030345543776683,7.337227055527684,0.6114355879606403,1.2112715722460234,,,lseg_backfill
2026-04-24,BPB8D,bopreales,87.5,101.45054945054945,86.24891681109186,9.55550879155567,9.127257441849943,0.7529119977091714,9.160907082657577,0.7634089235547981,2.3983340214069684,,,lseg_backfill
2026-04-24,BPC7D,bopreales,99.5,102.41758241758242,97.15128755364806,7.589069138285525,7.315619893877745,0.6030345543776683,7.337227055527684,0.6114355879606403,1.2112715722460234,,,lseg_backfill
2026-04-24,BPD7D,bopreales,99.5,100.0,99.5,5.411194107883191,5.270245493199544,0.4340789979877524,5.281453450172702,0.4401211208477251,1.2435516323042433,,,lseg_backfill
2026-04-24,CUAP,cer,41782.079,55308.12440917999,75.54419797512615,9.275706225605104,8.87146970518915,0.7317375051822506,8.903257625893257,0.7419381354911048,10.0580961173646,,,lseg_backfill
2026-04-24,DICP,cer,50397.5,44595.1240231869,113.01123408423798,9.724420730232918,9.281356877639093,0.7656706569712624,9.316153746180069,0.7763461455150056,3.2087040533939035,,,lseg_backfill
2026-04-24,DIP0,cer,50511.7925,44595.1240231869,113.26752331429051,9.647047647410256,9.210798307249355,0.7598285679201844,9.245067494333536,0.7704222911944614,3.2122140791116984,,,lseg_backfill
2026-04-24,GD29D,bonares,62.614999999999995,70.20303867403315,89.19129596474313,8.235557683104586,7.914833588182124,0.6525838550194285,7.940129283803188,0.6616774403169323,1.6195385518237055,,,lseg_backfill
2026-04-24,GD30D,bonares,61.901999999999994,72.15662983425415,85.78837473727732,8.874337270445105,8.50340657546267,0.7012762355071978,8.532608759805438,0.7110507299837865,2.0596338071830327,,,lseg_backfill
2026-04-24,GD35D,bonares,76.2375,101.1950276243094,75.33719965276829,10.0914186029996,9.61535757176224,0.7933295981222832,9.65270715685529,0.8043922630712741,5.669069001260156,,,lseg_backfill
2026-04-24,GD38D,bonares,79.5,101.44907624309393,78.36443952382652,10.210691640555392,9.723667607174358,0.8023004393150623,9.76186443816811,0.8134887031806759,4.859746913834921,,,lseg_backfill
2026-04-24,GD41D,bonares,70.675,101.01519337016576,69.96472277295412,10.167553503871993,9.684508019398908,0.7990569347812393,9.72239742844936,0.8101997857041132,6.139263378210179,,,lseg_backfill
2026-04-24,GD46D,bonares,72.1125,94.18381215469614,76.56570524195368,8.870524253487227,8.49990348008689,0.7009863586412646,8.529081582344133,0.7107567985286778,6.587578024926833,,,lseg_backfill
2026-04-24,PAP0,cer,35149.7595,54801.54676422979,64.14008650380475,8.183513505145084,7.866727448657573,0.6486050618575101,7.891716273416183,0.6576430227846819,6.98321456314152,,,lseg_backfill
2026-04-24,PARP,cer,34596.234,54801.54676422979,63.13003198402741,8.430064049016922,8.094418215222387,0.6674383977768539,8.120876067558136,0.6767396722965113,6.961366157249495,,,lseg_backfill
2026-04-24,T15E7,tasa_fija,135.75,134.88034946083093,100.64475703291502,26.50663150189147,23.52002909011297,1.951324740075577,23.74431436075017,1.978692863395848,0.575675994792613,,,lseg_backfill
2026-04-24,T30A7,tasa_fija,122.45,115.63528451658682,105.89328379473626,27.99577454161764,24.69105417955064,2.049433914019993,24.93830438376756,2.07819203198063,0.7935751361039988,,,lseg_backfill
2026-04-24,T30J6,tasa_fija,138.78,138.24748971406478,100.38518622438396,26.502603345954466,23.51684284163835,1.9510579187163035,23.741067162817764,1.978422263568147,0.1450057136264595,,,lseg_backfill
2026-04-24,T31Y7,tasa_fija,115.675,110.69544846898106,104.49842482224037,27.82767592083942,24.559547818371108,2.038411685993524,24.804162918847705,2.067013576570642,0.861015432298628,,,lseg_backfill
2026-04-24,TO26,tasa_fija,95.94,107.75,89.03944315545243,27.242082963475777,24.1000779633197,1.9999101758196856,24.33559780159112,2.027966483465926,0.3786968330859264,,,lseg_backfill
2026-04-24,TX26,cer,1351.8785,1426.0929368099626,94.79596070533992,23.076480332317644,20.769483704470293,1.7212408822206982,20.94425320634388,1.7453544338619895,0.2774731735912514,,,lseg_backfill
2026-04-24,TX28,cer,1965.2355,2141.5694469678297,91.76613454130592,9.62306046323195,9.188913673295328,0.7580166365598995,9.223020014411,0.7685850012009166,1.209059087012636,,,lseg_backfill
2026-04-24,TX31,cer,1368.5,1704.0923963396413,80.3066783784443,10.02447917104649,9.554519610434632,0.7882909973590646,9.59139747382194,0.7992831228184949,3.023883328935091,,,lseg_backfill
2026-04-24,TY30P,tasa_fija,120.25,232.75,51.66487647690655,27.65879696270657,24.42725720633121,2.0273248869801863,24.66923582247542,2.055769651872952,2.1543521627715005,,,lseg_backfill
2026-04-24,TZX26,cer,378.1,397.44885510910814,95.13173711274212,31.26797104405013,27.21720541350503,2.261387247069102,27.51783382647588,2.29315281887299,0.1397416302536545,,,lseg_backfill
2026-04-24,TZX27,cer,365.175,397.44885510910814,91.879746363781,7.422970804728222,7.161087798110755,0.590260037804291,7.181790928726262,0.5984825773938551,1.1010229294356928,,,lseg_backfill
2026-04-24,TZX28,cer,322.95,397.4488542941703,81.25573806811626,9.966503427942648,9.501798468808609,0.783924828632987,9.538269976767744,0.794855831397312,1.9867913046476429,,,lseg_backfill
2026-04-24,TZXA7,cer,113.475,122.17245542588824,92.8810013717337,7.541482976081294,7.271371718747144,0.5993765841454168,7.292718045780511,0.6077265038150426,0.9445124001608984,,,lseg_backfill
2026-04-24,TZXD6,cer,278.55,293.8376877313334,94.79723385745145,8.658939264103802,8.305324077933495,0.6848864173246039,8.333180175137578,0.6944316812614648,0.5921233350274326,,,lseg_backfill
2026-04-24,TZXD7,cer,256.075,293.8376877313334,87.1484532760613,8.734388796229426,8.374752864554802,0.6906308271496409,8.403077148204652,0.7002564290170543,1.5107552361909489,,,lseg_backfill
2026-04-24,TZXM7,cer,208.35,220.42653392464743,94.5212884721148,6.2210430239535,6.035703824918803,0.4972765698531001,6.050406857945667,0.5042005714954723,0.8789285925214578,,,lseg_backfill
2026-04-24,TZXM8,cer,85.375,110.14851737896304,77.50898698551664,14.067752623693014,13.164614211522595,1.0877009221254008,13.234690602094012,1.1028908835078344,1.6969392856262335,,,lseg_backfill
2026-04-24,TZXM9,cer,83.35,109.72127940973236,75.96520970991047,9.847681298785488,9.393659044570567,0.7749696961349528,9.42930411480809,0.7857753429006742,2.6643825858130112,,,lseg_backfill
2026-04-24,TZXO6,cer,157.625,165.87224680695547,95.02795255643112,10.357817278333036,9.857109251955931,0.8133538817807651,9.896363017201448,0.8246969181001207,0.4688873081486369,,,lseg_backfill
2026-04-24,TZXS7,cer,98.875,110.14851737896304,89.76516647956613,7.81664259837546,7.526960451071485,0.6205077258323088,7.549835317369968,0.629152943114164,1.330623712520276,,,lseg_backfill
2026-04-24,TZXS8,cer,86.7,126.77315443749164,68.38987353805209,16.874092740430317,15.596034949535875,1.2898396882726093,15.694449279855416,1.3078707733212849,2.084882238152892,,,lseg_backfill
2026-04-24,TZXY7,cer,109.775,120.73144600990013,90.92494426928202,9.051956640589893,8.666453615824521,0.7147690715409549,8.69678768531772,0.72473230710981,1.0067477920257093,,,lseg_backfill
2026-04-27,AE38D,bonares,79.0139,101.49051270718232,77.85348392905333,10.36876629962089,9.867032822990286,0.8141759330022369,9.906365766297132,0.825530480524761,4.8375476262947394,,,lseg_backfill
2026-04-27,AL29D,bonares,61.5869,70.20883977900553,87.71958088732904,9.402098577351476,8.987094870065881,0.7413085969459443,9.019717778030678,0.7516431481692232,1.6005448594848617,,,lseg_backfill
2026-04-27,AL30D,bonares,61.2885,72.1611049723757,84.93287349668788,9.443256548935285,9.024717900495972,0.7444231040209637,9.057614842852146,0.7548012369043455,2.0427467565841115,,,lseg_backfill
2026-04-27,AL35D,bonares,75.624,101.22917127071824,74.70573852447922,10.264404194644698,9.772404993981464,0.8063373932902795,9.810986176715277,0.8175821813929396,5.652159383285833,,,lseg_backfill
2026-04-27,AL41D,bonares,69.4347,101.04419889502762,68.71715621411778,10.501935869800247,9.987651632762272,0.8241683017233825,10.027953362099408,0.8356627801749505,6.085827381314122,,,lseg_backfill
2026-04-27,AN29D,bonares,97.6356,100.0,97.6356,7.195032771888688,6.948633883244071,0.57269992849458,6.9681257269585295,0.5806771439132108,3.2746792621127234,,,lseg_backfill
2026-04-27,AO27D,bonares,98.9667,100.45,98.5233449477352,7.277296294623923,7.025361053028756,0.5790413736828093,7.045286130247419,0.5871071775206183,1.4362010825998075,,,lseg_backfill
2026-04-27,AO28D,bonares,97.3822,100.4516129032258,96.94438664097623,7.779358617966578,7.492366440482123,0.6176473684983197,7.515031319940579,0.6262526099950483,2.310341435014842,,,lseg_backfill
2026-04-27,BPA7D,bopreales,99.375,102.4587912087912,96.99021316530366,7.7561606301924835,7.470836121060032,0.6158672038621305,7.493370800521948,0.6244475667101623,1.202767934200596,,,lseg_backfill
2026-04-27,BPA8D,bopreales,87.625,101.47527472527472,86.35108427863659,9.52493680994958,9.099341107356109,0.7506008325136371,9.132784981000077,0.7610654150833396,2.3900597734681264,,,lseg_backfill
2026-04-27,BPB7D,bopreales,99.375,102.4587912087912,96.99021316530366,7.7561606301924835,7.470836121060032,0.6158672038621305,7.493370800521948,0.6244475667101623,1.202767934200596,,,lseg_backfill
2026-04-27,BPB8D,bopreales,87.375,101.47527472527472,86.10471884560197,9.65595123927194,9.218920256994112,0.760501030199956,9.253249979319378,0.7711041649432815,2.389806468681343,,,lseg_backfill
2026-04-27,BPC7D,bopreales,99.375,102.4587912087912,96.99021316530366,7.7561606301924835,7.470836121060032,0.6158672038621305,7.493370800521948,0.6244475667101623,1.202767934200596,,,lseg_backfill
2026-04-27,BPD7D,bopreales,99.375,100.0,99.375,5.556052337491849,5.407593298118241,0.4454158428673915,5.419393468976796,0.451616122414733,1.2351156394536067,,,lseg_backfill
2026-04-27,CUAP,cer,41153.0155,55323.05643662876,74.38673520711893,9.449123038284355,9.03007938479683,0.7448669456169066,9.063015472053326,0.7552512893377772,10.000827298026651,,,lseg_backfill
2026-04-27,DICP,cer,50467.5,44616.16419721138,113.11483384569922,9.702978137058327,9.26180777837282,0.7640520032507592,9.296458041696187,0.7747048368080156,3.2013430016067,,,lseg_backfill
2026-04-27,DIP0,cer,50581.075,44616.16419721138,113.36939405284296,9.626037910515144,9.191630397777818,0.7582415651937957,9.22575693320713,0.7688130777672608,3.204834645049642,,,lseg_backfill
2026-04-27,GD29D,bonares,62.371959999999994,70.20883977900553,88.83775917153243,8.541813736011047,8.19744966602942,0.6759617158254239,8.22458607963128,0.6853821733026066,1.6083941437663818,,,lseg_backfill
2026-04-27,GD30D,bonares,61.50751199999999,72.1611049723757,85.23637771836496,9.252444629571054,8.850175200959542,0.7299749081621121,8.88181052646031,0.7401508772050258,2.045609730980225,,,lseg_backfill
2026-04-27,GD35D,bonares,75.649,101.22917127071824,74.73043496295261,10.25795649881416,9.76655577163099,0.8058528896028871,9.80509072449367,0.8170908937078059,5.652479134417894,,,lseg_backfill
2026-04-27,GD38D,bonares,79.0139,101.49051270718232,77.85348392905333,10.36876629962089,9.867032822990286,0.8141759330022369,9.906365766297132,0.825530480524761,4.8375476262947394,,,lseg_backfill
2026-04-27,GD41D,bonares,70.0597,101.04419889502762,69.33569741374598,10.339639341160112,9.840631633698084,0.8119889190928653,9.879754104181604,0.8233128420151337,6.1076643709456055,,,lseg_backfill
2026-04-27,GD46D,bonares,71.499,94.21563535911604,75.88867784786632,9.024166763805816,8.640961172965532,0.7126593482199572,8.671116849403138,0.7225930707835948,6.542160878544528,,,lseg_backfill
2026-04-27,PAP0,cer,33500.659,54809.44477310004,61.12205503756864,8.945113915854574,8.56840829994554,0.7066551951963262,8.59805914590801,0.7165049288256675,6.907615151665042,,,lseg_backfill
2026-04-27,PARP,cer,32955.341,54809.44477310004,60.12712067496472,9.204668662702868,8.806425173746524,0.7263537073719739,8.837748143681345,0.7364790119734455,6.884843468533136,,,lseg_backfill
2026-04-27,T15E7,tasa_fija,135.525,135.15087898042003,100.27681730404,27.13894190546576,24.01893272015854,1.993112028129662,24.25286429238493,2.0210720243654112,0.5663526424115908,,,lseg_backfill
2026-04-27,T30A7,tasa_fija,123.038,115.9236167871279,106.13713012934744,27.645228077870737,24.416620504687515,2.026433513962478,24.65838776120295,2.0548656467669124,0.7893198240438445,,,lseg_backfill
2026-04-27,T30J6,tasa_fija,139.025,138.53854206833546,100.35113544895296,26.62331290370342,23.61227953126744,1.959050226939829,23.83833306561911,1.9865277554682592,0.1383808766002754,,,lseg_backfill
2026-04-27,T31Y7,tasa_fija,115.875,110.95532331809504,104.43392577731564,27.861502918392578,24.58602509922025,2.040630791261022,24.831169605004444,2.0692641337503703,0.8543638539607443,,,lseg_backfill
2026-04-27,TO26,tasa_fija,95.94,107.75,89.03944315545243,27.77479014346792,24.51813872408737,2.034941213958464,24.76192701677169,2.0634939180643075,0.3706898564591908,,,lseg_backfill
2026-04-27,TX26,cer,1351.3675,1426.3271577018068,94.74456773139012,24.02955684414289,21.54132534359421,1.7857549287602748,21.72936363266098,1.8107803027217484,0.2686593258921074,,,lseg_backfill
2026-04-27,TX28,cer,1967.232,2141.964694722817,91.8424101408717,9.59928728616728,9.167219575719198,0.75622051168589,9.20116487236795,0.7667637393639959,1.20088294399973,,,lseg_backfill
2026-04-27,TX31,cer,1375.5,1704.4419537542751,80.70090019611791,9.867183434455146,9.4114158400167,0.7764401011154165,9.447195962139787,0.7872663301783156,3.018680063469544,,,lseg_backfill
2026-04-27,TY30P,tasa_fija,121.35,232.75,52.1374865735768,27.286218331978866,24.134781005162644,2.002817644513666,24.370981741140696,2.030915145095058,2.156205028573208,,,lseg_backfill
2026-04-27,TZX26,cer,378.325,397.44885510910814,95.18834817026752,32.50216582904211,28.153732920093045,2.34007340685205,28.47548460189344,2.372957050157787,0.1322411971760003,,,lseg_backfill
2026-04-27,TZX27,cer,362.375,397.44885510910814,91.17525320346448,8.183414542316966,7.866635952091028,0.6485974944460571,7.891624194975577,0.6576353495812981,1.0856913628107383,,,lseg_backfill
2026-04-27,TZX28,cer,321.05,397.4488542941703,80.77768913692127,10.304560364356186,9.808826202713172,0.8093542911137064,9.8476958689802,0.8206413224150166,1.9732560182283847,,,lseg_backfill
2026-04-27,TZXA7,cer,112.175,122.17245542588824,91.81693173715996,8.842912032841395,8.474531925771188,0.6988869175745149,8.503535908086857,0.7086279923405714,0.9256726697652204,,,lseg_backfill
2026-04-27,TZXD6,cer,277.475,293.8376877313334,94.43138562052177,9.439888238424372,9.021639414754755,0.7441682575337394,9.054513891235327,0.7545428242696106,0.5803929379303178,,,lseg_backfill
2026-04-27,TZXD7,cer,256.725,293.8376877313334,87.36966383792576,8.611566042903391,8.261706585508954,0.6812777484308086,8.289270552140238,0.6907725460116865,1.504901346576856,,,lseg_backfill
2026-04-27,TZXM7,cer,207.575,220.42653392464743,94.1696974062838,6.7068108015832015,6.492057445116384,0.5349722076750885,6.509069911123433,0.5424224925936194,0.867230085033073,,,lseg_backfill
2026-04-27,TZXM8,cer,84.875,110.14851737896304,77.05505441166297,14.480087515074771,13.525576797000948,1.117685265495516,13.599555682752309,1.1332963068960256,1.683652586208228,,,lseg_backfill
2026-04-27,TZXM9,cer,82.96,109.72127940973236,75.60976361768653,10.053432412115772,9.58083831774359,0.7904706831639574,9.61791988068974,0.8014933233908117,2.651938131428526,,,lseg_backfill
2026-04-27,TZXO6,cer,157.875,165.87224680695547,95.17867095858249,10.189934303559856,9.704826588547988,0.8007398656229903,9.742875352883653,0.8119062794069709,0.4621476994474612,,,lseg_backfill
2026-04-27,TZXS7,cer,98.685,110.14851737896304,89.59267210150173,8.008924447511106,7.705180320087046,0.6352448318075687,7.729152361185143,0.6440960300987619,1.3206503697655274,,,lseg_backfill
2026-04-27,TZXS8,cer,86.2,126.77315443749164,67.99546826966655,17.21457404073693,15.887060043881185,1.3140605378565209,15.989189231159706,1.3324324359299755,2.071818857049448,,,lseg_backfill
2026-04-27,TZXY7,cer,111.425,120.73144600990013,92.29161389391707,7.639354465955088,7.36235669426899,0.6068983974018671,7.384241083854892,0.6153534236545743,1.0123291975178306,,,lseg_backfill
2026-04-28,AE38D,bonares,78.2778,101.50432486187846,77.11769927686939,10.58934723949634,10.06674601086688,0.8307212007328868,10.107689425320832,0.8423074521100693,4.815505562520354,,,lseg_backfill
2026-04-28,AL29D,bonares,61.4639,70.21077348066298,87.54197817935734,9.556253101065623,9.127936999750672,0.752968258261455,9.161591657361434,0.7634659714467862,1.596367881952056,,,lseg_backfill
2026-04-28,AL30D,bonares,61.165,72.16259668508287,84.75997651099459,9.56504218994646,9.135961128871385,0.7536325776647868,9.169675052614055,0.7641395877178381,2.038144790035376,,,lseg_backfill
2026-04-28,AL35D,bonares,74.8854,101.24055248618784,73.96779073308252,10.461612284455477,9.951143711082969,0.8211437916866515,9.991150969132969,0.8325959140944139,5.639598535203156,,,lseg_backfill
2026-04-28,AL41D,bonares,68.6944,101.05386740331492,67.9780019955442,10.702315646205877,10.168873429427292,0.8391829756894564,10.210652910586138,0.8508877425488448,6.056229425615408,,,lseg_backfill
2026-04-28,AN29D,bonares,97.3896,100.0,97.3896,7.284050747544903,7.031658322941725,0.579561855657551,7.05161916899657,0.5876349307497142,3.2714044009517047,,,lseg_backfill
2026-04-28,AO27D,bonares,98.8638,100.46666666666668,98.4045786330458,7.369796359581395,7.1115657928984,0.5861665942821226,7.131983308861223,0.5943319424051019,1.4333656070164358,,,lseg_backfill
2026-04-28,AO28D,bonares,97.1963,100.46774193548389,96.74378873013325,7.877619099608991,7.5835119087444,0.6251837732130339,7.6067321336286575,0.6338943444690548,2.307183029413255,,,lseg_backfill
2026-04-28,BPA7D,bopreales,99.5,102.47252747252747,97.09919571045576,7.661956872788657,7.383357005297242,0.6086345900304879,7.40536653860655,0.6171138782172125,1.2000861513688743,,,lseg_backfill
2026-04-28,BPA8D,bopreales,87.75,101.48351648351648,86.46724417975095,9.471145384385744,9.050203424223248,0.7465328977447783,9.08328664785314,0.7569405539877616,2.3873859227542265,,,lseg_backfill
2026-04-28,BPB7D,bopreales,99.5,102.47252747252747,97.09919571045576,7.661956872788657,7.383357005297242,0.6086345900304879,7.40536653860655,0.6171138782172125,1.2000861513688743,,,lseg_backfill
2026-04-28,BPB8D,bopreales,87.5,101.48351648351648,86.22089875473742,9.602055092045688,9.16974556492811,0.756429644953327,9.203709593413034,0.7669757994510862,2.38713292521674,,,lseg_backfill
2026-04-28,BPC7D,bopreales,99.5,102.47252747252747,97.09919571045576,7.661956872788657,7.383357005297242,0.6086345900304879,7.40536653860655,0.6171138782172125,1.2000861513688743,,,lseg_backfill
2026-04-28,BPD7D,bopreales,99.5,100.0,99.5,5.461288277217541,5.317763723578617,0.4380010671164891,5.329174841596274,0.4440979034663561,1.2324050051241344,,,lseg_backfill
2026-04-28,CUAP,cer,40978.704,55328.03377911168,74.06499237547627,9.498335768114645,9.075044452162118,0.7485893786303155,9.108309753594224,0.7590258127995186,9.984159782531718,,,lseg_backfill
2026-04-28,DICP,cer,50049.057,44623.17758855288,112.15932998200248,9.998154627340332,9.53058441281085,0.7863087507142152,9.567277512663708,0.797273126055309,3.185211932183629,,,lseg_backfill
2026-04-28,DIP0,cer,50161.462,44623.17758855288,112.4112282242936,9.920775000094292,9.460195055514433,0.78047951785718,9.496347492536206,0.7913622910446838,3.1887059835510243,,,lseg_backfill
2026-04-28,GD29D,bonares,62.16392,70.21077348066298,88.53900465449338,8.783499625840083,8.419918923713965,0.6943679537139369,8.448549879709155,0.7040458233090963,1.6034042016407448,,,lseg_backfill
2026-04-28,GD30D,bonares,61.401024,72.16259668508287,85.08704899846342,9.358354899618702,8.947092735958728,0.7379972451656114,8.97942554094282,0.748285461745235,2.0412421242440333,,,lseg_backfill
2026-04-28,GD35D,bonares,74.9604,101.24055248618784,74.04187171956295,10.442008771032992,9.933390400213572,0.819673044863567,9.973254852035929,0.8311045710029941,5.640571300788517,,,lseg_backfill
2026-04-28,GD38D,bonares,78.2778,101.50432486187846,77.11769927686939,10.58934723949634,10.06674601086688,0.8307212007328868,10.107689425320832,0.8423074521100693,4.815505562520354,,,lseg_backfill
2026-04-28,GD41D,bonares,69.3194,101.05386740331492,68.59648401514427,10.537184186946464,10.01955365805185,0.8268113066606242,10.0601135940388,0.8383427995032333,6.078320444382031,,,lseg_backfill
2026-04-28,GD46D,bonares,71.0104,94.22624309392266,75.36159531397043,9.142812142382349,8.749752756031292,0.7216631041449872,8.780673419468688,0.731722784955724,6.510925728749776,,,lseg_backfill
2026-04-28,PAP0,cer,33333.562,54812.07744272346,60.81426494887429,9.027777685651378,8.644273940349612,0.7129335063730924,8.674452769332763,0.7228710641110636,6.897576481369856,,,lseg_backfill
2026-04-28,PARP,cer,32792.352,54812.07744272346,59.82687307239315,9.287234608881612,8.88202152785722,0.7326109158164451,8.913885198677729,0.7428237665564774,6.874838340047736,,,lseg_backfill
2026-04-28,T15E7,tasa_fija,135.025,135.24117601126557,99.8401551822889,27.912924396973764,24.626260665491785,2.044003090791424,24.87221077192645,2.072684230993871,0.5607853229924131,,,lseg_backfill
2026-04-28,T30A7,tasa_fija,122.775,116.01988722126598,105.82237488806648,28.00245916276435,24.696280109003045,2.049871949962734,24.943635323095936,2.078636276924662,0.7849780742101343,,,lseg_backfill
2026-04-28,T30J6,tasa_fija,138.935,138.63569562329664,100.21589272182588,27.57670638464096,24.36288885182214,2.021930828516516,24.603589838554907,2.050299153212909,0.1352006996240247,,,lseg_backfill
2026-04-28,T31Y7,tasa_fija,115.625,111.04208377420136,104.12718860276232,28.19432856567491,24.84616462183676,2.0624360014727783,25.09654116721105,2.091378430600921,0.850010000809305,,,lseg_backfill
2026-04-28,TO26,tasa_fija,95.46,107.75,88.59396751740138,29.327157199987813,25.726573292216504,2.1362663467241028,25.99506960776985,2.1662558006474875,0.3641233176250207,,,lseg_backfill
2026-04-28,TX26,cer,1348.3565,1426.4052313324216,94.52829184736548,25.34766608707194,22.59909519296,1.8742324080009976,22.80611079380952,1.90050923281746,0.2652232214004358,,,lseg_backfill
2026-04-28,TX28,cer,1956.695,2142.09644397448,91.34486010207443,10.114838425859176,9.636633987499366,0.7950917686226688,9.674149253684838,0.8061791044737365,1.1947047271894164,,,lseg_backfill
2026-04-28,TX31,cer,1355.5,1704.5584728924864,79.52205932248457,10.412348801115373,9.90652379780732,0.8174473603029142,9.946172623638994,0.8288477186365828,3.00507720259142,,,lseg_backfill
2026-04-28,TY30P,tasa_fija,120.85,232.75,51.92266380236305,27.537583296089743,24.33219736355085,2.019358983456687,24.572290361725635,2.047690863477136,2.147621443407552,,,lseg_backfill
2026-04-28,TZX26,cer,377.925,397.44885510910814,95.08770629022231,33.91417827481025,29.21458024663581,2.429275498701533,29.56113201204884,2.4634276676707367,0.1288023432704491,,,lseg_backfill
2026-04-28,TZX27,cer,363.475,397.44885510910814,91.45201837358884,7.923785629296133,7.626306949314321,0.6287224889566234,7.64979024600585,0.6374825205004875,1.0857663396996813,,,lseg_backfill
2026-04-28,TZX28,cer,318.55,397.4488542941703,80.14867738534892,10.715617031755553,10.180891510658595,0.8401787798569149,10.22276993509097,0.8518974945909141,1.9634569930269024,,,lseg_backfill
2026-04-28,TZXA7,cer,113.075,122.17245542588824,92.5535953303264,8.005645305308756,7.702143641307946,0.6349937095784686,7.726096772058621,0.6438413976715518,0.9303136294747856,,,lseg_backfill
2026-04-28,TZXD6,cer,277.225,293.8376877313334,94.34630463518928,9.63878377613739,9.203259328767643,0.7592043770205503,9.23747237359347,0.7697893644661224,0.576842892674595,,,lseg_backfill
2026-04-28,TZXD7,cer,256.675,293.8376877313334,87.35264764085926,8.639588357024925,8.287509594060772,0.683412530839167,8.315246191347558,0.6929371826122965,1.501993052264008,,,lseg_backfill
2026-04-28,TZXM7,cer,206.825,220.42653392464743,93.82944798773768,7.146894589008415,6.903708171425937,0.568987030254231,6.922948560208564,0.5769123800173803,0.8611128850748494,,,lseg_backfill
2026-04-28,TZXM8,cer,84.5,110.14851737896304,76.7146049812727,14.765842015481152,13.774969678734372,1.1384067884427918,13.8517068263452,1.1543089021954334,1.677074876594585,,,lseg_backfill
2026-04-28,TZXM9,cer,82.27,109.72127940973236,74.9808974545211,10.37904918186494,9.876351749486757,0.8149479024301964,9.915759119343193,0.826313259945266,2.6416345401666583,,,lseg_backfill
2026-04-28,TZXO6,cer,157.175,165.87224680695547,94.75665943255868,11.219248448374092,10.634876863091169,0.8778024383044425,10.680578828233768,0.8900482356861472,0.4554089356704723,,,lseg_backfill
2026-04-28,TZXS7,cer,97.875,110.14851737896304,88.85730133185876,8.652106433760228,8.299034121985404,0.6843660136145457,8.326847996637898,0.6939039997198249,1.3103127551205285,,,lseg_backfill
2026-04-28,TZXS8,cer,85.75,126.77315443749164,67.64050352811957,17.488825633251164,16.12086319067807,1.333523090212818,16.22602687346477,1.3521689061220643,2.064652348276193,,,lseg_backfill
2026-04-28,TZXY7,cer,110.425,120.73144600990013,91.46332927292616,8.555974644945225,8.210498248378828,0.677041214796037,8.237721213718352,0.6864767678098627,1.001259272966286,,,lseg_backfill
2026-04-29,AE38D,bonares,78.4167,101.51813701657458,77.2440297906542,10.555049764726585,10.035719296894175,0.8281506159530272,10.076410388905988,0.8397008657421656,4.815716658970599,,,lseg_backfill
2026-04-29,AL29D,bonares,61.3408,70.21270718232044,87.36424282960223,9.711687889720542,9.269748873520278,0.7647095181456898,9.304458652353098,0.7753715543627582,1.5921815264911174,,,lseg_backfill
2026-04-29,AL30D,bonares,61.4165,72.16408839779005,85.10673572352758,9.358166261801422,8.946920198411812,0.7379829628429313,8.979251754937234,0.7482709795781028,2.038467176499549,,,lseg_backfill
2026-04-29,AL35D,bonares,75.0219,101.25193370165746,74.09428862964216,10.431349001889544,9.923735393488007,0.8188731987956777,9.963522288669502,0.8302935240557918,5.638322456541796,,,lseg_backfill
2026-04-29,AL41D,bonares,68.8292,101.06353591160222,68.10488014213475,10.671644589704432,10.141155996033158,0.8368863777910462,10.18270773058676,0.8485589775488966,6.057546774261097,,,lseg_backfill
2026-04-29,AN29D,bonares,97.4587,100.0,97.4587,7.2671827799610735,7.015931344079296,0.5782619942142686,7.035802920124379,0.5863169100103649,3.268720842339512,,,lseg_backfill
2026-04-29,AO27D,bonares,97.8725,100.48333333333332,97.4017249958534,8.143876546912363,7.8300742244910015,0.6455736257512834,7.854830496563281,0.6545692080469401,1.4301049329164528,,,lseg_backfill
2026-04-29,AO28D,bonares,96.189,100.48387096774194,95.72581059390048,8.37315668669069,8.04190982299302,0.6630948883255883,8.06802516897207,0.6723354307476725,2.3022577766428025,,,lseg_backfill
2026-04-29,BPA7D,bopreales,99.432,102.48626373626374,97.01983112183352,7.741903243678876,7.45760138298146,0.6147729475754149,7.480056214689146,0.6233380178907622,1.1972269037412502,,,lseg_backfill
2026-04-29,BPA8D,bopreales,87.334,101.49175824175823,86.05033700565737,9.701099969379683,9.260095281295456,0.7639102107145801,9.294732716806298,0.7745610597338581,2.3841635629544475,,,lseg_backfill
2026-04-29,BPB7D,bopreales,99.436,102.48626373626374,97.02373408390297,7.738283104304128,7.454240629561459,0.6144950802464466,7.476675207792827,0.6230562673160689,1.1972305920475002,,,lseg_backfill
2026-04-29,BPB8D,bopreales,87.132,101.49175824175823,85.85130606610183,9.807704439046242,9.35725007734467,0.7719548066944082,9.392619034414372,0.7827182528678645,2.383957192925683,,,lseg_backfill
2026-04-29,BPC7D,bopreales,99.432,102.48626373626374,97.01983112183352,7.741903243678876,7.45760138298146,0.6147729475754149,7.480056214689146,0.6233380178907622,1.1972269037412502,,,lseg_backfill
2026-04-29,BPD7D,bopreales,99.436,100.0,99.436,5.529164010368455,5.38211325555904,0.4433125975649377,5.393802408600656,0.4494835340500547,1.229579129454139,,,lseg_backfill
2026-04-29,CUAP,cer,40737.5995,55333.0111215946,73.6225964830992,9.565874527661668,9.136720990660873,0.753695487008299,9.170440529449042,0.7642033774540868,9.962318332605252,,,lseg_backfill
2026-04-29,DICP,cer,49707.5,44630.19097989437,111.37639994055353,10.244488626084136,9.75433688292937,0.8048407799924329,9.79277535230656,0.8160646126922133,3.171341664345598,,,lseg_backfill
2026-04-29,DIP0,cer,49818.807,44630.19097989437,111.62579838039024,10.166828353059891,9.68384961719526,0.7990024016037323,9.721733868113612,0.8101444890094678,3.174833694744031,,,lseg_backfill
2026-04-29,GD29D,bonares,62.09580999999999,70.21270718232044,88.43956100247864,8.873959066928391,8.503059117754063,0.7012474837696292,8.53225891304481,0.7110215760870675,1.5997998545627348,,,lseg_backfill
2026-04-29,GD30D,bonares,61.636536,72.16408839779005,85.41164638599876,9.166611743471217,8.771561538349681,0.7234681255712916,8.802636709609146,0.7335530591340955,2.041343963639654,,,lseg_backfill
2026-04-29,GD35D,bonares,75.0219,101.25193370165746,74.09428862964216,10.431349001889544,9.923735393488007,0.8188731987956777,9.963522288669502,0.8302935240557918,5.638322456541796,,,lseg_backfill
2026-04-29,GD38D,bonares,78.3917,101.51813701657458,77.219403649223,10.562370614568714,10.042342803422422,0.8286993727460334,10.083087694963131,0.8402573079135944,4.815078478965074,,,lseg_backfill
2026-04-29,GD41D,bonares,69.4592,101.06353591160222,68.72825037583709,10.505607312423724,9.990975001153869,0.8244436315592463,10.03130359039952,0.8359419658666267,6.079779014711984,,,lseg_backfill
2026-04-29,GD46D,bonares,71.1469,94.23685082872927,75.49796005949509,9.114700180927931,8.723986228801328,0.7195305570704802,8.754724842494621,0.7295604035412184,6.514876552993691,,,lseg_backfill
2026-04-29,PAP0,cer,33157.447,54814.71011234688,60.49005263740575,9.115363022605246,8.724593844552597,0.7195808454239616,8.755336745059239,0.7296113954216032,6.887114177197754,,,lseg_backfill
2026-04-29,PARP,cer,32452.983,54814.71011234688,59.2048793717693,9.456837702875424,9.037129511628716,0.7454505815645218,9.070117108299058,0.7558430923582549,6.8572395238672,,,lseg_backfill
2026-04-29,T15E7,tasa_fija,134.925,135.3315333713805,99.69960188785798,28.166445465027728,24.824396804166483,2.0606112239313967,25.074333414086336,2.0895277845071947,0.5575398871746527,,,lseg_backfill
2026-04-29,T30A7,tasa_fija,122.625,116.1162376045701,105.6053851982315,28.24519256209028,24.88586103719148,2.0657637992262723,25.13704086385431,2.0947534053211925,0.781357466951599,,,lseg_backfill
2026-04-29,T30J6,tasa_fija,139.325,138.73291730957422,100.42677880773208,25.98115802388768,23.103525902437028,1.9164518436214808,23.31991456525122,1.943326213770935,0.1347397908265012,,,lseg_backfill
2026-04-29,T31Y7,tasa_fija,115.575,111.12891207181828,104.00083816649656,28.325611590731665,24.94859142516393,2.0710227761619127,25.201043279493085,2.100086939957757,0.8470068827398035,,,lseg_backfill
2026-04-29,TX26,cer,1346.3505,1426.4833049630363,94.3824926177378,26.354351562214823,23.399506080481245,1.941232427585593,23.62149168115746,1.9684576400964549,0.2619474440056666,,,lseg_backfill
2026-04-29,TX28,cer,1946.1825,2142.2281932261417,90.8485149319736,10.63821626384545,10.110938092618426,0.8343826547469124,10.152242245943466,0.8460201871619555,1.188492896168167,,,lseg_backfill
2026-04-29,TX31,cer,1360.5,1704.674992030698,79.80993481809112,10.287069696096736,9.792963982691916,0.8080403564736605,9.831707875758866,0.8193089896465722,3.004781235530688,,,lseg_backfill
2026-04-29,TY30P,tasa_fija,120.0,232.75,51.55746509129968,27.945496357590557,24.651738778039167,2.046138566353295,24.89819969759957,2.074849974799964,2.135251342336044,,,lseg_backfill
2026-04-29,TZX26,cer,378.425,397.44885510910814,95.21350864027885,33.50252407252707,28.906460167100857,2.403359263868454,29.24571324316174,2.4371427702634785,0.1271487187088485,,,lseg_backfill
2026-04-29,TZX27,cer,363.575,397.44885510910814,91.47717884360011,7.917664371449224,7.6206337699082916,0.6282533676515323,7.644082106778161,0.6370068422315134,1.0832909449203156,,,lseg_backfill
2026-04-29,TZX28,cer,318.0,397.4488542941703,80.010294800003,10.817998903245302,10.27334751580855,0.847839894271174,10.315991041677552,0.859665920139796,1.9591724229665504,,,lseg_backfill
2026-04-29,TZXA7,cer,113.125,122.17245542588824,92.59452108550232,7.980724597400549,7.679062593314634,0.6330850111202935,7.7028722355204415,0.6419060196267035,0.9279928355976892,,,lseg_backfill
2026-04-29,TZXD6,cer,275.625,293.8376877313334,93.8017863290614,10.695500210862884,10.162714982448694,0.8386726976533421,10.204443807402264,0.850370317283522,0.5688629436976774,,,lseg_backfill
2026-04-29,TZXD7,cer,252.675,293.8376877313334,85.99135187553955,9.707408013107528,9.265846785318498,0.7643864285488355,9.30052731307658,0.7750439427563816,1.4848780477513148,,,lseg_backfill
2026-04-29,TZXM7,cer,205.475,220.42653392464743,93.21699903435464,7.934539146811287,7.636272528216415,0.6295465585092419,7.659817298941807,0.6383181082451506,0.8522923910622573,,,lseg_backfill
2026-04-29,TZXM8,cer,84.625,110.14851737896304,76.82808812473611,14.700109551151815,13.717656407401968,1.133644387653887,13.79375519198831,1.1494795993323592,1.6756490120958518,,,lseg_backfill
2026-04-29,TZXM9,cer,81.61,109.72127940973236,74.37937329844982,10.694945399793951,10.162213636931147,0.8386311571590754,10.203938339427587,0.8503281949522989,2.6316226337051685,,,lseg_backfill
2026-04-29,TZXO6,cer,156.625,165.87224680695547,94.4250789478257,12.060601966782496,11.388739185160258,0.9403081278509752,11.441160306942333,0.9534300255785276,0.4495465274955731,,,lseg_backfill
2026-04-29,TZXS7,cer,97.425,110.14851737896304,88.44876201539044,9.0224807726399,8.639414356911622,0.7125313369946484,8.669559225888968,0.7224632688240806,1.3033500507889364,,,lseg_backfill
2026-04-29,TZXS8,cer,85.51,126.77315443749164,67.45118899929452,17.6462306433232,16.254807355005507,1.3446746767046491,16.3617295781032,1.3634774648419334,2.05956275297752,,,lseg_backfill
2026-04-29,TZXY7,cer,111.175,120.73144600990013,92.08454273866936,7.902699485256861,7.6067629677802895,0.6271063850132208,7.630125938533094,0.6358438282110912,1.0047838625691186,,,lseg_backfill
2026-04-30,AE38D,bonares,78.3472,101.53194917127072,77.16507034434927,10.581829539848062,10.059946053966428,0.8301578141653554,10.100834101374456,0.841736175114538,4.810604937463598,,,lseg_backfill
2026-04-30,AL29D,bonares,61.5986,70.2146408839779,87.72899672275618,9.44051026202984,9.02220792373043,0.7442153204027413,9.055086548442317,0.7545905457035262,1.5918626710914778,,,lseg_backfill
2026-04-30,AL30D,bonares,61.2975,72.16558011049723,84.94007795148818,9.47581891918182,9.05447358516287,0.7468864029472222,9.087588072235151,0.7572990060195961,2.0339254449876023,,,lseg_backfill
2026-04-30,AL35D,bonares,75.3177,101.26331491712708,74.37807073730431,10.359685633349551,9.858802692305211,0.8134941629508452,9.898069963489498,0.8248391636241248,5.63910011784811,,,lseg_backfill
2026-04-30,AL41D,bonares,69.3681,101.0732044198895,68.63154324446205,10.534531649374197,10.017153291623671,0.8266124398299324,10.057693770909726,0.8381411475758105,6.073120604047547,,,lseg_backfill
2026-04-30,AN29D,bonares,97.6819,100.0,97.6819,7.198475377581583,6.951845977920645,0.5729653980485638,6.971355862778417,0.5809463218982014,3.2663267115613843,,,lseg_backfill
2026-04-30,AO27D,bonares,98.0467,100.5,97.5589054726368,8.026089162380517,7.721074356738522,0.6365592203946724,7.745145496970185,0.6454287914141821,1.4273283657813485,,,lseg_backfill
2026-04-30,AO28D,bonares,96.3612,100.5,95.88179104477612,8.29975897288238,7.974145174421965,0.6574896446835288,7.99982180409442,0.6666518170078684,2.299864483987377,,,lseg_backfill
2026-04-30,BPA7D,bopreales,99.436,102.5,97.01073170731708,7.766048682117413,7.480013901017157,0.6166260351104791,7.50260403518892,0.62521700293241,1.19310353540942,,,lseg_backfill
2026-04-30,BPA8D,bopreales,87.334,101.5,86.04334975369459,9.72426601587882,9.281215839020971,0.7656589789682533,9.316011648757438,0.7763343040631199,2.37871151626007,,,lseg_backfill
2026-04-30,BPB7D,bopreales,99.436,102.5,97.01073170731708,7.766048682117413,7.480013901017157,0.6166260351104791,7.50260403518892,0.62521700293241,1.19310353540942,,,lseg_backfill
2026-04-30,BPB8D,bopreales,87.132,101.5,85.84433497536946,9.831137521586136,9.378593384970046,0.7737221550337514,9.414124071868368,0.784510339322364,2.3785049899940987,,,lseg_backfill
2026-04-30,BPC7D,bopreales,99.436,102.5,97.01073170731708,7.766048682117413,7.480013901017157,0.6166260351104791,7.50260403518892,0.62521700293241,1.19310353540942,,,lseg_backfill
2026-04-30,BPD7D,bopreales,99.436,100.0,99.436,5.548473539324607,5.400412097032903,0.4448230676713072,5.412180925865773,0.451015077155481,1.2254164225588315,,,lseg_backfill
2026-04-30,CUAP,cer,40592.0305,51917.637787173546,78.1854341416674,9.608035398281336,9.17520316870779,0.7568814957078285,9.209207686521026,0.7674339738767522,9.947639264235226,,,lseg_backfill
2026-04-30,DICP,cer,49687.5,41878.2516802582,118.6475031941774,10.2677798447827,9.77546718110489,0.8065910417435429,9.814072577195263,0.8178393814329388,3.16751748970776,,,lseg_backfill
2026-04-30,DIP0,cer,49797.38,41878.2516802582,118.90988281985742,10.19097471908073,9.705771037116008,0.80081809234398,9.743827216760703,0.8119856013967253,3.170969667761084,,,lseg_backfill
2026-04-30,GD29D,bonares,62.51776999999999,70.2146408839779,89.03808267467157,8.429843880420703,8.094215118745751,0.667421597227924,8.120671641993393,0.6767226368327828,1.6010875388807206,,,lseg_backfill
2026-04-30,GD30D,bonares,61.97997599999999,72.16558011049723,85.88578641659718,8.882768352544586,8.511151945851946,0.7019171583138029,8.54040741119384,0.7117006175994867,2.0428399930787258,,,lseg_backfill
2026-04-30,GD35D,bonares,75.7833,101.26331491712708,74.83786212412691,10.239206900446709,9.749544567758562,0.8044438277340138,9.787945228891193,0.8156621024075994,5.645075584311333,,,lseg_backfill
2026-04-30,GD38D,bonares,79.0556,101.53194917127072,77.86278176009785,10.375498119498303,9.873133674826562,0.8146813200855973,9.912515335230676,0.8260429446025563,4.828624915996769,,,lseg_backfill
2026-04-30,GD41D,bonares,69.9389,101.0732044198895,69.1962824384711,10.385724814762083,9.88240112018246,0.8154490285787075,9.921856841709165,0.8268214034757637,6.093119856984202,,,lseg_backfill
2026-04-30,GD46D,bonares,71.1583,94.24745856353591,75.5015584340976,9.116075614634449,8.72524706148814,0.7196349079154896,8.755994570881054,0.7296662142400878,6.51176936104908,,,lseg_backfill
2026-04-30,PAP0,cer,32618.896,51429.17236424541,63.42489000013018,9.379431636839918,8.966368700700222,0.7395928844023292,8.9988411364744,0.7499034280395334,6.86118561170441,,,lseg_backfill
2026-04-30,PARP,cer,32618.896,51429.17236424541,63.42489000013018,9.379431636839918,8.966368700700222,0.7395928844023292,8.9988411364744,0.7499034280395334,6.86118561170441,,,lseg_backfill
2026-04-30,T15E7,tasa_fija,135.225,135.42195110107193,99.8545648622911,27.88918817077767,24.60768987682116,2.042446587270818,24.85326799174894,2.0711056659790783,0.556607806207812,,,lseg_backfill
2026-04-30,T30A7,tasa_fija,122.425,116.21266800343524,105.34565818279044,28.54242543422832,25.11752065164363,2.0851861926688864,25.373414080706613,2.1144511733922178,0.7774207884497556,,,lseg_backfill
2026-04-30,T30J6,tasa_fija,139.125,138.8302071749469,100.21234054969146,27.55148695544431,24.343105655390552,2.020273055003208,24.58341465471241,2.048617887892701,0.1309344971206779,,,lseg_backfill
2026-04-30,T31Y7,tasa_fija,115.375,111.21580826399384,103.73974869303964,28.61174798071077,25.171472958057663,2.0897100789046386,25.428470492130103,2.119039207677509,0.8429936834906553,,,lseg_backfill
2026-04-30,TO26,tasa_fija,95.74,107.75,88.85382830626449,28.905311733952665,25.399626579032496,2.108842840665548,25.661319605325517,2.138443300443793,0.361067071288006,,,lseg_backfill
2026-04-30,TX26,cer,1346.3325,1338.3879499536629,100.5935909723793,26.672018510983303,23.650761994816083,1.9622730971324387,23.87755522892725,1.9897962690772708,0.2590133679027213,,,lseg_backfill
2026-04-30,TX28,cer,1948.956,2009.94417380232,96.965678221453,10.531385531199351,10.014306193775967,0.8263765624499486,10.054823601356766,0.8379019667797305,1.1864146013109238,,,lseg_backfill
2026-04-30,TX31,cer,1362.5,1599.4211325005217,85.18707001638018,10.242977961673091,9.7529662217124,0.8047272465987021,9.79139387556076,0.8159494896300634,3.0028777486658234,,,lseg_backfill
2026-04-30,TY30P,tasa_fija,119.5,232.75,51.34264232008593,28.203223581015568,24.853107801366185,2.0630180489095373,25.10362475280221,2.0919687294001843,2.126575891742418,,,lseg_backfill
2026-04-30,TZX26,cer,378.225,372.8831905748866,101.43256911551248,34.56167571422144,29.697321040362713,2.469891974996141,30.055465267529424,2.504622105627452,0.1241132715749968,,,lseg_backfill
2026-04-30,TZX27,cer,363.375,372.8831905748866,97.45008871002535,7.98790338454969,7.68571198326129,0.633634882058165,7.709562918606139,0.6424635765505116,1.080051004569412,,,lseg_backfill
2026-04-30,TZX28,cer,316.95,372.8831898103187,84.99980923281328,11.00155014463062,10.43889051050295,0.861558568112164,10.482921304033257,0.8735767753361046,1.953466253924665,,,lseg_backfill
2026-04-30,TZXA7,cer,111.375,114.62117551468911,97.16790941977985,9.701637370049944,9.260585281573697,0.7639507820822233,9.295226387289723,0.7746021989408103,0.9109394912058476,,,lseg_backfill
2026-04-30,TZXD6,cer,274.675,275.6760602123972,99.6368708216354,11.35617429063796,10.757950636742454,0.8880044126548636,10.804718004389446,0.9003931670324539,0.5630292475896976,,,lseg_backfill
2026-04-30,TZXD7,cer,251.025,275.6760602123972,91.05796121962692,10.16744132740968,9.684406168829597,0.799048498848709,9.72229477992448,0.8101912316603732,1.4761923740456775,,,lseg_backfill
2026-04-30,TZXM7,cer,204.575,206.80232991141017,98.92296672268428,8.477084654251103,8.137783370967488,0.6710257126470776,8.164525775301623,0.6803771479418019,0.8455057735120564,,,lseg_backfill
2026-04-30,TZXM8,cer,84.125,103.3404174383288,81.40570948458176,15.07732469288455,14.046112460142645,1.1609401215858297,14.125905909603542,1.1771588258002952,1.6677772157995543,,,lseg_backfill
2026-04-30,TZXM9,cer,81.01,102.9395863501181,78.69664418940718,10.986578502169085,10.425397967763097,0.8604403633151181,10.469314858960477,0.8724429049133731,2.6222408384852995,,,lseg_backfill
2026-04-30,TZXO6,cer,156.525,155.61995417051386,100.58157440947096,12.27337865314019,11.578495274112475,0.9560474483065518,11.63268047356656,0.96939003946388,0.4462560048121979,,,lseg_backfill
2026-04-30,TZXS7,cer,96.025,103.3404174383288,92.92104907289112,10.15923530786526,9.676955236320396,0.7984313655894582,9.714785495574674,0.8095654579645561,1.2874151711120037,,,lseg_backfill
2026-04-30,TZXS8,cer,85.31,118.9375128352494,71.72673950074122,17.78176132300474,16.369994393073405,1.3542655782751822,16.478440606968547,1.3732033839140456,2.0548683163155084,,,lseg_backfill
2026-04-30,TZXY7,cer,112.375,113.26923253693268,99.21052476749053,6.85738386661959,6.63309247464261,0.5466247217422504,6.65085278595452,0.5542377321628766,1.012050849258164,,,lseg_backfill
